7ev3n,https://samples.vx-underground.org/root/Samples/Families/7ev3n/Samples/003a903cbab3e91ef22602624645342e81b30ec6263f1e62165abd479c48942e.7z
9002Rat,https://samples.vx-underground.org/root/Samples/Families/9002Rat/006c74c6813a6efeabea860b2718ed548eed216a319d76ceb178fc38cba458d1.7z
ABCBot,https://samples.vx-underground.org/root/Samples/Families/ABCBot/Samples/22b521f8d605635e1082f3f33a993979c37470fe2980956064aa4917ea1b28d5.7z
AceDeceiver,https://samples.vx-underground.org/root/Samples/Families/AceDeceiver/0a8e29bd8fe0f5d4d6a8677454b1d01e97478dc4bc3666eaab6bbbf2f2e759bc.7z
AcidRain,https://samples.vx-underground.org/root/Samples/Families/AcidRain/9b4dfaca873961174ba935fddaf696145afe7bbf5734509f95feb54f3584fd9a.7z
ActionSpy,https://samples.vx-underground.org/root/Samples/Families/ActionSpy/088769a80b39d0da26c676a5a52eaccdb805dc67cba85e562785c375c642b501.7z
Adhubllka,https://samples.vx-underground.org/root/Samples/Families/Adhubllka/01eea2a4628c6b27a5249a08152655246871acafa657e391b73444c05097976e.7z
AdvisorBot,https://samples.vx-underground.org/root/Samples/Families/AdvisorBot/04a540f0cbaee5b08f0275fc0dd8021bbe8046d930c1001891dcf4bb967088ac.7z
AESRTRansomware,https://samples.vx-underground.org/root/Samples/Families/AESRTRansomware/05072a7ec455fdf0977f69d49dcaaf012c403c9d39861fa2216eae19c160527f.7z
AgendaRansomware,https://samples.vx-underground.org/root/Samples/Families/AgendaRansomware/Samples/117fc30c25b1f28cd923b530ab9f91a0a818925b0b89b8bc9a7f820a9e630464.7z
AgentTesla,https://samples.vx-underground.org/root/Samples/Families/AgentTesla/031ebdaf0189694eec6b83ad26e8252547d843780563f54ec06a170f1c0e40d3.7z
AlmondRAT,https://samples.vx-underground.org/root/Samples/Families/AlmondRAT/55901c2d5489d6ac5a0671971d29a31f4cdfa2e03d56e18c1585d78547a26396.7z
Amadey,https://samples.vx-underground.org/root/Samples/Families/Amadey/0da5b00e8e941ac4be29830e6040cb5f.7z
Amavaldo,https://samples.vx-underground.org/root/Samples/Families/Amavaldo/02a81aea451cdfa2cd6668e3b814c4e50c6025e36b70ab972a8cc68aba5b3222.7z
Android.BadMirror,https://samples.vx-underground.org/root/Samples/Families/Android.BadMirror/171ccb5ef9ff1bbeb65912b7fbaa30724aa17f949e4ac75738d4fbf74ad6577c.7z
Android.Brata,https://samples.vx-underground.org/root/Samples/Families/Android.Brata/Samples/648a5a705bbe88e52569b3774a689a82f53962e8827b143189639d48727bd159.7z
Android.Bzy,https://samples.vx-underground.org/root/Samples/Families/Android.Bzy/3d0e995d4a795ab4c59b4285f62c4c4585c11fa6.7z
Android.CleaningService,https://samples.vx-underground.org/root/Samples/Families/Android.CleaningService/7845BB247DBFAD94018047AFBB2F5E1D9E54752B620D995033C695D9A2D104A0.apk.7z
Android.Coper,https://samples.vx-underground.org/root/Samples/Families/Android.Coper/Samples/12f2b2940f9a6e2320e2c0230a6f11d6d0dfa0bf649d46e0bae47de676ca9d52.7z
Android.FluBot,https://www.vx-underground.org/#
Android.Greywolf,https://samples.vx-underground.org/root/Samples/Families/Android.Greywolf/007830d17abf70b4e5d2194f3aa1a628cb4a70f2.7z
Android.Hummingbad,https://samples.vx-underground.org/root/Samples/Families/Android.Hummingbad/001BCA3D5B8309403B49801A7EF56C311DCDEEE41CE23B5ADA2F96BDCB4FE853.7z
Android.ItauSinc,https://samples.vx-underground.org/root/Samples/Families/Android.ItauSinc/Samples/3500C50910C94C7F9BC7B39A7B194BAC6137CEF586281EE22F5439BB2D140480.7z
Android.Octo,https://samples.vx-underground.org/root/Samples/Families/Android.Octo/Samples/1b8a29b4a3d230af65e89a98e0b65c0f5824d90c9886669f30ed484589eb61e0.7z
Android.Psiphone,https://samples.vx-underground.org/root/Samples/Families/Android.Psiphone/14f043cbde465a33647c6333caaf6594014052e1.7z
Android.RATMilad,https://samples.vx-underground.org/root/Samples/Families/Android.RATMilad/Samples/0d0dcc0e2eebf07b902a58665155bd9b035d6b91584bd3cc435f11beca264b1e.7z
Android.Rummus,https://samples.vx-underground.org/root/Samples/Families/Android.Rummus/016410E442F651D43A7E28F72BE2E2EF.7z
Android.Sharkbot,https://samples.vx-underground.org/root/Samples/Families/Android.Sharkbot/Samples/7f2248f5de8a74b3d1c48be0db574b1c6558d6edae347592b29dc5234337a5ff.7z
Android.Teabot,https://samples.vx-underground.org/root/Samples/Families/Android.Teabot/Samples/47bb7f855cdf116c62499240089fa1b7a69585e8b7f639e192b9d038da4094cd.7z
Android.Xavier,https://samples.vx-underground.org/root/Samples/Families/Android.Xavier/018048c269c70c66e0d70c26f2a2f79e24724bd583546c2737d017e1e2dde6b5.7z
Andromeda,https://samples.vx-underground.org/root/Samples/Families/Andromeda/12d25e7a578188ae654527b6df89aaa8d755ea26d15430e6421bf23cb9a9ca43.7z
AnglerEK,https://samples.vx-underground.org/root/Samples/Families/AnglerEK/061C086A4DA72ECAF5475C862F178F9D.7z
AppleSeed,https://samples.vx-underground.org/root/Samples/Families/AppleSeed/decf32e9ef4c5b7a95ff2f9911eaf9947e64469b2609f0cd9a5dcee4d87e0ee3.7z
Arechclient2,https://samples.vx-underground.org/root/Samples/Families/Arechclient2/237d1bca6e056df5bb16a1216a434634109478f882d3b1d58344c801d184f95d.7z
AresLoader,https://samples.vx-underground.org/root/Samples/Families/AresLoader/169c70fc77814578aa83b3a666eb674c49e60ac6964b040de9b1e51c5966bf56.7z
Aria-Body,https://samples.vx-underground.org/root/Samples/Families/Aria-Body/0db51c4a2bd94f2b56f821a013fa42e0e67e3a7b69e2e8834fe36b10a49e2f66.7z
AridGopher,https://samples.vx-underground.org/root/Samples/Families/AridGopher/3d7d75d66428c55dc81563c3bde5477977fadb3325d0224ef9313da133940077.7z
ArkeiStealer,https://samples.vx-underground.org/root/Samples/Families/ArkeiStealer/13f1ff1b5d18342b5c87be84fd142ef3ce9410be786e4d8d42f6adad20f6bbf4.7z
Asbit,https://samples.vx-underground.org/root/Samples/Families/Asbit/018656e61c7c5fc8d5983a32507fbcf379dd9e2b5dd7d67b8e44590d46a8c51f.7z
AsyncRAT,https://samples.vx-underground.org/root/Samples/Families/AsyncRAT/Samples/0305f072031592da1b8d9d153f5cc2ba415727f514dc960354952e393e20f4fa.7z
AtomSilo,https://samples.vx-underground.org/root/Samples/Families/AtomSilo/Samples/5f614a8e35bd80a603cf98846c6a44030ad18bed45ac83bd2110d83e8a090de4.7z
AveMaria,https://samples.vx-underground.org/root/Samples/Families/AveMaria/0e01d4a19afa5c98b4ea02e90d1452bc.7z
Aveo,https://samples.vx-underground.org/root/Samples/Families/Aveo/8101c298a33d91a985a5150d0254cf426601e4632250f5a03ddac39375e7fb4d.7z
AvosLockerRansomware,https://www.vx-underground.org/#
AXLocker,https://samples.vx-underground.org/root/Samples/Families/AXLocker/0225a30270e5361e410453d4fb0501eb759612f6048ad43591b559d835720224.7z
Azorult,https://samples.vx-underground.org/root/Samples/Families/Azorult/0558b42ee8b76a1b9c7da99b76e90083dd5f6b7b9dcd7218d2bcb069b4a48003.7z
AzovRansomware,https://samples.vx-underground.org/root/Samples/Families/AzovRansomware/b102ed1018de0b7faea37ca86f27ba3025c0c70f28417ac3e9ef09d32617f801.7z
B1txor20,https://samples.vx-underground.org/root/Samples/Families/B1txor20/Samples/7a9981c972ca335b90a13cce275d0d08328ea64c5369287f1bb0c0a0f996b223.7z
Babadeda,https://samples.vx-underground.org/root/Samples/Families/Babadeda/080340cb4ced8a16cad2131dc2ac89e1516d0ebe5507d91b3e8fb341bfcfe7d8.7z
Babuk,https://www.vx-underground.org/#
BandarChorRansomware,https://samples.vx-underground.org/root/Samples/Families/BandarChorRansomware/31AA8EC187E1241A94127336996F9CB38719EB9B.7z
Bankshot,https://samples.vx-underground.org/root/Samples/Families/Bankshot/0065259cfdbfe33914c25640e3bd23322f9497e156075f50b252ff841c67ad1a.7z
Banload,https://samples.vx-underground.org/root/Samples/Families/Banload/009FDAF8C9A81B87261E2F2883D770C12C627F2DD08512EE86C40ADC4BE074B5.7z
Bartalex,https://samples.vx-underground.org/root/Samples/Families/Bartalex/5E392950FA295A98219E1FC9CCE7A7048792845E.7z
BasBanke,https://samples.vx-underground.org/root/Samples/Families/BasBanke/fb10f2f9b79ed2c21061cec17160fe20.7z
Bashlite,https://samples.vx-underground.org/root/Samples/Families/Bashlite/0005d7df41810961bb54fc7002cf01769200c209a12b0785b56c44ac88b3cf5b.7z
Batloader,https://samples.vx-underground.org/root/Samples/Families/Batloader/Samples/0c089297584c01eb286fb16025fda8e885a83a6f1779c4ae51b89d2fe6f8f67a.7z
Bazarbackdoor,https://samples.vx-underground.org/root/Samples/Families/Bazarbackdoor/000d270dd830ad207f06cd4663cf448647b0c8b5518a7f2ed7af33baef7cc4d3.7z
BazarLoader,https://samples.vx-underground.org/root/Samples/Families/BazarLoader/bfe434f1b9025699318b22e3cd682d0b.7z
Bedep,https://samples.vx-underground.org/root/Samples/Families/Bedep/2FAF2044E18837D23AA325CB21F17C4B.7z
BHUNTStealer,https://samples.vx-underground.org/root/Samples/Families/BHUNTStealer/Samples/011f80d363f5cdf7a58acc3f0a0f7524b3781662954677eda92477cb84caf768.7z
BianLianRansomware,https://samples.vx-underground.org/root/Samples/Families/BianLianRansomware/Samples/117a057829cd9abb5fba20d3ab479fc92ed64c647fdc1b7cd4e0f44609d770ea.7z
BitRAT,https://samples.vx-underground.org/root/Samples/Families/BitRAT/054cde86997158b8d0515e30ca53b657ef96d212987a89f7eb3b76e7fe727d62.7z
Bizarro,https://samples.vx-underground.org/root/Samples/Families/Bizarro/07e1ed9c60ef84688cb35923166762cff3325e058dff59a65549efcd22297436.7z
BlackBastaRansomware,https://www.vx-underground.org/#
BlackByte,https://samples.vx-underground.org/root/Samples/Families/BlackByte/Samples/1df11bc19aa52b623bdf15380e3fded56d8eb6fb7b53a2240779864b1a6474ad.7z
BlackCatRansomware,https://www.vx-underground.org/#
BlackGuard,https://samples.vx-underground.org/root/Samples/Families/BlackGuard/1ee88a8f680ffd175943e465bf85e003e1ae7d90a0b677b785c7be8ded481392.7z
BlackholeEK,https://samples.vx-underground.org/root/Samples/Families/BlackholeEK/02D8E6DAEF5A4723621C25CFB766A23D.7z
BlackLotus Bootkit,https://www.vx-underground.org/#
BlackMagicRansomware,https://samples.vx-underground.org/root/Samples/Families/BlackMagicRansomware/8f855ed4c2f17487bac5d5079437acd728ccd68d93b49ab2f5b6d6d2430da133.7z
BlackMatter,https://www.vx-underground.org/#
Blackmoon,https://samples.vx-underground.org/root/Samples/Families/Blackmoon/0fc932e2dae7219cc5a14a224e76385ba7e15e15fa0fb4054206efbf983cea00.7z
BlackRock,https://samples.vx-underground.org/root/Samples/Families/BlackRock/0b5e264d4bda3add9a8a4fcc61ce00246779c0ac1bbfae9c916b1a1bf70c08b8.7z
Blacksoul,https://samples.vx-underground.org/root/Samples/Families/Blacksoul/001e763349e757c7cd0c03ee42de23033fa9bdc73067ccfae152aa77b90cf13a.7z
BlackTech,https://samples.vx-underground.org/root/Samples/Families/BlackTech/638cfbe609d7f3e88767133be5ea5f9a75f1d703275f38eb9ec2414e179483b9.7z
BlisterLoader,https://samples.vx-underground.org/root/Samples/Families/BlisterLoader/Samples/00eb2f75822abeb2e222d007bdec464bfbc3934b8be12983cc898b37c6ace081.7z
BlueFox,https://samples.vx-underground.org/root/Samples/Families/BlueFox/194ef023286a19eea2c084f0d469d3427b97445b0b8fc75888d02274bf01e748.7z
BlueSkyRansomware,https://samples.vx-underground.org/root/Samples/Families/BlueSkyRansomware/2280898cb29faf1785e782596d8029cb471537ec38352e5c17cc263f1f52b8ef.7z
BoratRAT,https://samples.vx-underground.org/root/Samples/Families/BoratRAT/Samples/b47c77d237243747a51dd02d836444ba067cf6cc4b8b3344e5cf791f5f41d20e.7z
BotenaGo,https://samples.vx-underground.org/root/Samples/Families/BotenaGo/0c395715bfeb8f89959be721cd2f614d2edb260614d5a21e90cc4c142f5d83ad.7z
BrasDex,https://samples.vx-underground.org/root/Samples/Families/BrasDex/26ea3906cd0c724b0e0adb5b6c00144e59aa89aac18cd608c6e5a22c28c8d644.7z
Brbbot,https://samples.vx-underground.org/root/Samples/Families/Brbbot/F9227a44ea25a7ee8148e2d0532b14bb640f6dc52cb5b22a9f4fa7fa037417fa.7z
BruteRatel,https://samples.vx-underground.org/root/Samples/Families/BruteRatel/1FC7B0E1054D54CE8F1DE0CC95976081C7A85C7926C03172A3DDAA672690042C.7z
BuerLoader,https://www.vx-underground.org/#
BumbleBeeLoader,https://samples.vx-underground.org/root/Samples/Families/BumbleBeeLoader/0ff8988d76fc6bd764a70a7a4f07a15b2b2c604138d9aadc784c9aeb6b77e275.7z
CABless-40444,https://samples.vx-underground.org/root/Samples/Families/CABless-40444/Samples/170eaccdac3c2d6e1777c38d61742ad531d6adbef3b8b031ebbbd6bc89b9add6.7z
CacheFlow,https://www.vx-underground.org/#
CactusRansomware,https://samples.vx-underground.org/root/Samples/Families/CactusRansomware/78c16de9fc07f1d0375a093903f86583a4e32037a7da8aa2f90ecb15c4862c17.7z
CaddyWiper,https://samples.vx-underground.org/root/Samples/Families/CaddyWiper/1e87e9b5ee7597bdce796490f3ee09211df48ba1d11f6e2f5b255f05cc0ba176.7z
CatB,https://samples.vx-underground.org/root/Samples/Families/CatB/35a273df61f4506cdb286ecc40415efaa5797379b16d44c240e3ca44714f945b.7z
CerberRansomware,https://samples.vx-underground.org/root/Samples/Families/CerberRansomware/2ace8c4c98c050a9cf57e0e275848c6cf7122f19f4136dabb94a130a88d77997.7z
CertBreaker,https://samples.vx-underground.org/root/Samples/Families/CertBreaker/5094028a0afb4d4a3d8fa82b613c0e59d31450d6c75ed96ded02be1e9db8104f.7z
CertiShell,https://samples.vx-underground.org/root/Samples/Families/CertiShell/90d99c4fe7f81533fb02cf0f1ff296cc1b2d88ea5c4c8567142bb455f435ee5b.7z
Chaes,https://samples.vx-underground.org/root/Samples/Families/Chaes/Samples/2e280a20089fe1ccd88ae7b3f0dfb5f1f32adc1363129be5f6e9b7a5acbc2cf2.7z
ChaosRansomware,https://samples.vx-underground.org/root/Samples/Families/ChaosRansomware/Samples/0d8b4a07e91e02335f600332644e8f0e504f75ab19899a58b2c85ecb0887c738.7z
Chapak,https://samples.vx-underground.org/root/Samples/Families/Chapak/00810b59644d1610f9eb57e2d9e175e4.7z
ChromeExploitKits,https://www.vx-underground.org/#
Chromeloader,https://samples.vx-underground.org/root/Samples/Families/Chromeloader/Samples/03b2f267de27dae24de14e2c258a18e6c6d11581e6caee3a6df2b7f42947d898.7z
Cl0pRansomware,https://samples.vx-underground.org/root/Samples/Families/Cl0pRansomware/46cd508b7e77bb2c1d47f7fef0042a13c516f8163f9373ef9dfac180131c65ed.7z
ClipBanker,https://samples.vx-underground.org/root/Samples/Families/ClipBanker/b6135c446093a19544dbb36018adb7139aa810a3f3eaa45663dc54448fe30e39.7z
ClownicRansomware,https://samples.vx-underground.org/root/Samples/Families/ClownicRansomware/880823dd9df0ca6047cd829a1031e8a167ccec0629fdeac40a097dd555debf7c.7z
CobaltStrike,https://samples.vx-underground.org/root/Samples/Families/CobaltStrike/018ef51a2af287a3d665e5057e6367eb0a5d5ef5a807af6c255eba26d20b4ccf.7z
CodeRAT,https://samples.vx-underground.org/root/Samples/Families/CodeRAT/Samples/25d6fccc82ec3c3c6786dcaa5d9f6920b769457502eef0759b235cd71c552b17.7z
Coinstomp,https://samples.vx-underground.org/root/Samples/Families/Coinstomp/Samples/2a6f6324d026baeec3894877c44d4c74a231d9104c908e4162ff1cc3cf6fe14e.7z
Coinvault,https://samples.vx-underground.org/root/Samples/Families/Coinvault/0F1830174D7B08C0D1FCD9AEA00CDC97.7z
ColdStealer,https://samples.vx-underground.org/root/Samples/Families/ColdStealer/8ab69eeff9996df8a6fde60ad7baecb3bc156d0f1f52f1e883c9636dad9c30b9.7z
ColibriLoader,https://samples.vx-underground.org/root/Samples/Families/ColibriLoader/Samples/666268641a7db3b600a143fff00a063e77066ad72ac659ebc77bb5d1acd5633d.7z
CollectorGoomba,https://samples.vx-underground.org/root/Samples/Families/CollectorGoomba/0d27f5aec4935de8cf10ec74eb5c8558e57768f06ed118a0feed6fecebebaa34.7z
CollectorStealer,https://samples.vx-underground.org/root/Samples/Families/CollectorStealer/Samples/018ecc16b103058556d89bdbc0ba7e2aeff7ddcad8c0a94f409210d0a86dc1e6.7z
Conficker,https://samples.vx-underground.org/root/Samples/Families/Conficker/a30b63e1ed900d3f223277b1d3b09b045abc85600da0d3102fa61fb2bfc2ff99.7z
Conti,https://www.vx-underground.org/#
Coper,https://samples.vx-underground.org/root/Samples/Families/Coper/f6f80827a89294dc07e9caaddcdcc8d7683a79041a2f0610b3020beff85646f6.7z
CoreShell,https://samples.vx-underground.org/root/Samples/Families/CoreShell/03ed773bde6c6a1ac3b24bde6003322df8d41d3d1c85109b8669c430b58d2f69.7z
Coroxy,https://samples.vx-underground.org/root/Samples/Families/Coroxy/2ef9a4f7d054b570ea6d6ae704602b57e27dee15f47c53decb16f1ed0d949187.7z
Cova,https://samples.vx-underground.org/root/Samples/Families/Cova/11ffd58d2707121ab5363d6c08560a50d3209bf60dd4b8eec066eb4241aa7bee.7z
CrateDepression,https://samples.vx-underground.org/root/Samples/Families/CrateDepression/Samples/191c95b1d9dffaf252f3e81e84eb9a98bb49689555ec2b5ef0dfa2173d0f3c08.7z
CrimsonRAT,https://samples.vx-underground.org/root/Samples/Families/CrimsonRAT/67ad0b41255eca1bba7b0dc6c7bd5bd1d5d74640f65d7a290a8d18fba1372918.7z
Cronrat,https://samples.vx-underground.org/root/Samples/Families/Cronrat/b46e51a2e757f4d75f1a1fff1165c6a0503b687db6c7e672021dcaa9bedf2d88.7z
CrushArcade,https://www.vx-underground.org/#
CryptBot,https://samples.vx-underground.org/root/Samples/Families/CryptBot/24336a3c69f863981df13cc9c2cc8fe002d642962fc1d12c87062a8e5d273889.7z
CryptoFortress,https://samples.vx-underground.org/root/Samples/Families/CryptoFortress/26F13C4AD8C1CCF81E80A556CF6DB0AF.7z
Cryptolocker,https://samples.vx-underground.org/root/Samples/Families/Cryptolocker/003c64fa11ea18a00c3e0bf2adf1a2b80287fb072d1f8108d1d55cbda17e60cb.7z
Cryptowall,https://samples.vx-underground.org/root/Samples/Families/Cryptowall/0CFFEE266A8F14103158465E2ECDD2C1.7z
CrytoxRansomware,https://samples.vx-underground.org/root/Samples/Families/CrytoxRansomware/1c0bf0c2e7d0c34ec038a8b717bb19d9c4cf3382ada1412f055a9786d3069d78.7z
Cryxos,https://samples.vx-underground.org/root/Samples/Families/Cryxos/6c09a84cdadd0904c0d4c2da2f5761a0.7z
CSInstaller,https://www.vx-underground.org/#
CTB-Locker,https://samples.vx-underground.org/root/Samples/Families/CTB-Locker/1E6957DECEFA207C2289F2B578414E4B6D97FF03.7z
CubaRansomware,https://samples.vx-underground.org/root/Samples/Families/CubaRansomware/Samples/141b2190f51397dbd0dfde0e3904b264c91b6f81febc823ff0c33da980b69944.7z
CuratorRansomware,https://samples.vx-underground.org/root/Samples/Families/CuratorRansomware/4d2c614ba98df43601b6d9551bd26684.7z
CVE-2008-2551,https://samples.vx-underground.org/root/Samples/Families/CVE-2008-2551/5E3AC16B7F55CA52A7B4872758F19D09BD4994190B9D114D68CAB9F1D9D5B467.7z
CVE-2015-0359,https://samples.vx-underground.org/root/Samples/Families/CVE-2015-0359/2E297279F7D919E4E67464AF91FB6516.7z
CVE-2017-10271,https://samples.vx-underground.org/root/Samples/Families/CVE-2017-10271/28E9F5D3768CDCCBD886B37964F17754C8B1875C588CED775849A0874E8C2375.7z
CVE-2017-11882,https://samples.vx-underground.org/root/Samples/Families/CVE-2017-11882/0026B14F896934C621ECCCA48474353FFF08F592EBC2949DDE4B881F2353E3D2.7z
CVE-2018-0802,https://samples.vx-underground.org/root/Samples/Families/CVE-2018-0802/663b9ceb49f374c6b46b42f92fe5fdbf.7z
CVE-2018-4878,https://samples.vx-underground.org/root/Samples/Families/CVE-2018-4878/176AD6129ECE312F128A3195BF5AFC130801F2E849F89BC97610C1CE8D730772.7z
CVE-2020-1599,https://samples.vx-underground.org/root/Samples/Families/CVE-2020-1599/Samples/1258fb78dd50f6c12c3181cc5c1362dc9d70ca46c5fd7e6af4880ee6d6d9e7a2.7z
CVE-2022-22954,https://samples.vx-underground.org/root/Samples/Families/CVE-2022-22954/Samples/6d403c3fc246d6d493a6f4acc18c1c292f710db6ad9c3ea2ff065595c5ad3c5b.7z
CyclopsBlink,https://samples.vx-underground.org/root/Samples/Families/CyclopsBlink/0ed6d539365305787d1625bf6462c93dbd02af768970b6d05f8ca5c6ff2e1b3d.7z
Darkbit,https://samples.vx-underground.org/root/Samples/Families/Darkbit/9107be160f7b639d68fe3670de58ed254d81de6aec9a41ad58d91aa814a247ff.7z
DarkCloud,https://samples.vx-underground.org/root/Samples/Families/DarkCloud/14b7a96e28f1bcfbf376992ee7dbf1a019dd41b1f4bb2b342772b092908d6008.7z
DarkComet,https://samples.vx-underground.org/root/Samples/Families/DarkComet/1adceb6315ba775ecb5019cfae72b39a06351c098895e3e9370c3fce3712459d.7z
Darkside,https://samples.vx-underground.org/root/Samples/Families/Darkside/06355667ea0deef9cfeedc864d74edfe986cf9a9f129532f4a442f7098e1e054.7z
Darktrack Rat,https://www.vx-underground.org/#
DarkWatchmanRAT,https://samples.vx-underground.org/root/Samples/Families/DarkWatchmanRAT/1586d4e502d7470cf9d40a8057503cdf3a22274bfadc4cfb8fb60a4d095b6601.7z
Daserf,https://samples.vx-underground.org/root/Samples/Families/Daserf/0948390b18338b460edf60beaf1a792d1d85dab64ec59b158fa2d47e78ad4373.7z
Daxin,https://samples.vx-underground.org/root/Samples/Families/Daxin/06a0ec9a316eb89cb041b1907918e3ad3b03842ec65f004f6fa74d57955573a4.7z
DCRat,https://samples.vx-underground.org/root/Samples/Families/DCRat/392049ce2edacaef91a29eb0ef2b7b9927a82550b592dedf725a33b6cfdd2381.7z
DeadBoltRansomware,https://samples.vx-underground.org/root/Samples/Families/DeadBoltRansomware/Samples/444e537f86cbeeea5a4fcf94c485cc9d286de0ccd91718362cecf415bf362bcf.7z
DearCryRansomware,https://samples.vx-underground.org/root/Samples/Families/DearCryRansomware/0e55ead3b8fd305d9a54f78c7b56741a.7z
DecafRansomware,https://samples.vx-underground.org/root/Samples/Families/DecafRansomware/5da2a2ebe9959e6ac21683a8950055309eb34544962c02ed564e0deaf83c9477.7z
Denonia,https://samples.vx-underground.org/root/Samples/Families/Denonia/Samples/739fe13697bc55870ceb35003c4ee01a335f9c1f6549acb6472c5c3078417eed.7z
Dexbia,https://samples.vx-underground.org/root/Samples/Families/Dexbia/03537d2c7d0f7659076dc4e7f9956a620369692380dcaa34a687c97377c79783.7z
DiavolRansomware,https://samples.vx-underground.org/root/Samples/Families/DiavolRansomware/Samples/708806f5e2e8bfa3d1e911e391ff2ccf1edcac05cc1df80439b8b867253423df.7z
DiscordRAT,https://samples.vx-underground.org/root/Samples/Families/DiscordRAT/Samples/f13433cc26702e7b6116e36629625cc798d0ad4b26aa782a551a38ec3dc8ab23.7z
DiscordTokenStealers,https://samples.vx-underground.org/root/Samples/Families/DiscordTokenStealers/0a34e36adb34b2cd54e8fbf67f0abc0dc3acd6f444b4fba81afe51bbbef18018.7z
DistTrack,https://samples.vx-underground.org/root/Samples/Families/DistTrack/052f0eb5986e92afc5460eafec293f805851cf2a98bdd2d2aed97eec6c7946a9.7z
Djvu,https://samples.vx-underground.org/root/Samples/Families/Djvu/02118409643dbdad9710c6571b02130e.7z
DnSpyTrojan,https://samples.vx-underground.org/root/Samples/Families/DnSpyTrojan/6606d759667fbdfaa46241db7ffb4839d2c47b88a20120446f41e916cad77d0b.7z
dnWipe,https://samples.vx-underground.org/root/Samples/Families/dnWipe/610ec163e7b34abd5587616db8dac7e34b1aef68d0260510854d6b3912fb0008.7z
DoubleZeroWiper,https://samples.vx-underground.org/root/Samples/Families/DoubleZeroWiper/30b3cbe8817ed75d8221059e4be35d5624bd6b5dc921d4991a7adc4c3eb5de4a.7z
Dracarys,https://samples.vx-underground.org/root/Samples/Families/Dracarys/220fcfa47a11e7e3f179a96258a5bb69914c17e8ca7d0fdce44d13f1f3229548.7z
Dridex,https://samples.vx-underground.org/root/Samples/Families/Dridex/ffbd79ba40502a1373b8991909739a60a95e745829d2e15c4d312176bbfb5b3e.7z
Dridex-Maldocs,https://www.vx-underground.org/#
Drokbk,https://samples.vx-underground.org/root/Samples/Families/Drokbk/29dc4cae5f08c215d57893483b5b42cb00a2d0e7d8361cda9feeaf515f8b5d9e.7z
DTrack,https://samples.vx-underground.org/root/Samples/Families/DTrack/3fe624c33790b409421f4fa2bb8abfd701df2231a959493c33187ed34bec0ae7.7z
Dyre,https://samples.vx-underground.org/root/Samples/Families/Dyre/0350D2AB1CB791672D7B3927C57BCDFE71FA4D2E3609201DD8C2F288AC341F4C.7z
Eamfo,https://samples.vx-underground.org/root/Samples/Families/Eamfo/78517fb07ee5292da627c234b26b555413a459f8d7a9641e4a9fcc1099f06a3d.7z
EchelonStealer,https://samples.vx-underground.org/root/Samples/Families/EchelonStealer/Samples/2fcead4dde3efc15cfa2a1acd887d36535b97eada854a189324dc65013e406b8.7z
Elirks,https://samples.vx-underground.org/root/Samples/Families/Elirks/0e317e0fee4eb6c6e81b2a41029a9573d34cebeabab6d661709115c64526bf95.7z
Emdivi,https://samples.vx-underground.org/root/Samples/Families/Emdivi/037B0DBFC2643A4A4779F6E3A8E5C8C41CBCD64533D2245C9A26DFD1D4F55DD8.7z
Emotet,https://samples.vx-underground.org/root/Samples/Families/Emotet/Samples/0041d82cc2a5bb2f447f9c40989292675232cb8404bbfa751c9b961e2f6149c7.7z
Enemybot,https://samples.vx-underground.org/root/Samples/Families/Enemybot/Samples/00bc1ce81f79089670a7d2956df112ff29ee86d51ecad0d7fb5012d54cbfaf4a.7z
Enigma,https://samples.vx-underground.org/root/Samples/Families/Enigma/4d2fb518c9e23c5c70e70095ba3b63580cafc4b03f7e6dce2931c54895f13b2c.7z
Ermac,https://samples.vx-underground.org/root/Samples/Families/Ermac/97cbc137f8c045cd6a6b7d828b5b97b50279c2901cc67eec121d2c6df2f576be.7z
Escelar,https://samples.vx-underground.org/root/Samples/Families/Escelar/007AEC9246E29334B7EE390917B5625359A8B91044A789357B47E512F603C7D1.7z
Escobar,https://samples.vx-underground.org/root/Samples/Families/Escobar/a9d1561ed0d23a5473d68069337e2f8e7862f7b72b74251eb63ccc883ba9459f.7z
EternityProject,https://samples.vx-underground.org/root/Samples/Families/EternityProject/Samples/025e74a98cb22aab0eb2dbff69cb5abd4f1d529925d9e456f92f5fd6ff1e11c3.7z
EvilGrab,https://samples.vx-underground.org/root/Samples/Families/EvilGrab/006c74c6813a6efeabea860b2718ed548eed216a319d76ceb178fc38cba458d1.7z
EvilNominatusRansomware,https://samples.vx-underground.org/root/Samples/Families/EvilNominatusRansomware/Samples/1d2a96013e4cc499cffab9000b9595e532a9feee425d3b4f536a5dc0695f381b.7z
EvilPlayout,https://samples.vx-underground.org/root/Samples/Families/EvilPlayout/096bae94e09059e2e3106503353b1b4f7116fa667600ca2ab3fa7591708e645a.7z
EvilQuest,https://samples.vx-underground.org/root/Samples/Families/EvilQuest/5a024ffabefa6082031dccdb1e74a7fec9f60f257cd0b1ab0f698ba2a5baca6b.7z
Exaramel,https://samples.vx-underground.org/root/Samples/Families/Exaramel/8eff45383a7a0c6e3ea6d526a599610d.7z
ExByte,https://samples.vx-underground.org/root/Samples/Families/ExByte/0097b8722c8c0840e8c1a4dd579438344b3e6b4d630d17b0bbe9c55159f43142.7z
Exmatter,https://samples.vx-underground.org/root/Samples/Families/Exmatter/ad5002c8a4621efbd354d58a71427c157e4b2805cb86f434d724fc77068f1c40.7z
EyService,https://samples.vx-underground.org/root/Samples/Families/EyService/0091e2101f00751c4020ef8e115cfe12a284c9abacc886f549b40a62574a7510.7z
FakeDivX,https://samples.vx-underground.org/root/Samples/Families/FakeDivX/00BDD194328C2FE873260970DA585D84.7z
Fanny,https://samples.vx-underground.org/root/Samples/Families/Fanny/003315b0aea2fcb9f77d29223dd8947d0e6792b3a0227e054be8eb2a11f443d9.7z
Fareit,https://samples.vx-underground.org/root/Samples/Families/Fareit/0145423C0D2B0379B7EF225ED20EBC5900466B9878E70D3B6D20F7DBB40701F4.7z
Fastcash,https://samples.vx-underground.org/root/Samples/Families/Fastcash/0237b186086fa4d13e8c854dcf2d0f8a19fcbe62a58a415e9a5a933f1154e7d8.7z
FastFire,https://samples.vx-underground.org/root/Samples/Families/FastFire/FDD0E18E841D3EC4E501DD8BF0DA68201779FD90237C1C67078D1D915CD13045.7z
FBIOperationDuckHunt,https://samples.vx-underground.org/root/Samples/Families/FBIOperationDuckHunt/Untether.7cdee5a583eacf24b1f142413aabb4e556ccf4ef3a4764ad084c1526cc90e117.7z
FighterPOS,https://samples.vx-underground.org/root/Samples/Families/FighterPOS/01275643B9A8B69AD977AB04ABC97172E3FF6E0C.7z
Filmkan,https://samples.vx-underground.org/root/Samples/Families/Filmkan/04EAEC8EDE8BFB00EADBEBD9D8D11686.7z
Flashback,https://samples.vx-underground.org/root/Samples/Families/Flashback/8d56d09650ebc019209a788b2d2be7c7c8b865780eee53856bafceffaf71502c.7z
FlawedGrace,https://samples.vx-underground.org/root/Samples/Families/FlawedGrace/017c8e29cda1b77fdaef28b22ab0200385ff1b7b452e6252131bae86c0ef0cf6.7z
FormBook,https://samples.vx-underground.org/root/Samples/Families/FormBook/028bf5bc572cf06e10c315334c397649.7z
Fragtor,https://samples.vx-underground.org/root/Samples/Families/Fragtor/2139e3df912887b34b4d59fca098a8d511ea10530d7168b280acca844513ffad.7z
FritzFrog,https://samples.vx-underground.org/root/Samples/Families/FritzFrog/001eb377f0452060012124cb214f658754c7488ccb82e23ec56b2f45a636c859.7z
Gafgyt,https://samples.vx-underground.org/root/Samples/Families/Gafgyt/0cd231f2f61705eab123b78aef97321c.7z
Gamaredon,https://samples.vx-underground.org/root/Samples/Families/Gamaredon/002e1b63a76a7125772cbf2ffd69e80d4d6491d72376ff04dafeb8c3cdc43831.7z
GameoverP2P,https://samples.vx-underground.org/root/Samples/Families/GameoverP2P/11f75f1d8f35cc3bfcae3171e44262f34b6e95324a4ac3ab856ba1b46c5a7502.7z
GandCrab,https://samples.vx-underground.org/root/Samples/Families/GandCrab/00013c57a25a5efe2ad93366e43c58f2103806bd73263503e8a1e0e726228b4b.7z
Gauss,https://samples.vx-underground.org/root/Samples/Families/Gauss/06969dfbdd9dfce335bb22383cf1ab8da5abeba6106776133ec0d1eac4e591a3.7z
GenshinDriver,https://samples.vx-underground.org/root/Samples/Families/GenshinDriver/Samples/0435b4965ab458ec413317ed74b845d4638dd7e5f99371fd0ff2237c98555ea5.7z
Get2,https://samples.vx-underground.org/root/Samples/Families/Get2/017c8e29cda1b77fdaef28b22ab0200385ff1b7b452e6252131bae86c0ef0cf6.7z
Gh0stCringe,https://samples.vx-underground.org/root/Samples/Families/Gh0stCringe/088b9498e86195680bfc9de8120e8009f1f0423175dd59f6090e3d745006d77f.7z
Gh0stRAT,https://samples.vx-underground.org/root/Samples/Families/Gh0stRAT/0576670c1be24805ff31ce945ab88d56651538d8c48f9c8b3e1f0a7fe76901d6.7z
GlobelImposter,https://samples.vx-underground.org/root/Samples/Families/GlobelImposter/0050711482f5c6800c6a6a1ad045f2e49b326f6bc229c4c3df3ec574e02d01ea.7z
Glupteba,https://samples.vx-underground.org/root/Samples/Families/Glupteba/530a1feb891ef2eda24a9e4bb402bba0.7z
GoDDOSIRC,https://samples.vx-underground.org/root/Samples/Families/GoDDOSIRC/Samples/091606eeab86eb2686211df85e4ff00a9cf17d8e9665816753e3acc8d525e8c2.7z
GodFather,https://samples.vx-underground.org/root/Samples/Families/GodFather/138551cd967622832f8a816ea1697a5d08ee66c379d32d8a6bd7fca9fdeaecc4.7z
GoodwillRansomware,https://samples.vx-underground.org/root/Samples/Families/GoodwillRansomware/0facf95522637feaa6ea6f7c6a59ea4e6b7380957a236ca33a6a0dc82b70323c.7z
GootLoader,https://samples.vx-underground.org/root/Samples/Families/GootLoader/00024d3973dd03d667d7bae9e269f66d.7z
Gopuram,https://samples.vx-underground.org/root/Samples/Families/Gopuram/6ce5b6b4cdd6290d396465a1624d489c7afd2259a4d69b73c6b0ba0e5ad4e4ad.7z
GoSearch,https://samples.vx-underground.org/root/Samples/Families/GoSearch/b94e5666d0afc1fa49923c7a7faaa664f51f0581ec0192a08218d68fb079f3cf.7z
GoziIsfb,https://samples.vx-underground.org/root/Samples/Families/GoziIsfb/1c9cf0eb00c1757eace8b793a05d180b4ee2c68aeed372ed7e7d5433fb7c0025.7z
GraceWire,https://samples.vx-underground.org/root/Samples/Families/GraceWire/efcee275d23b6e71589452b1cb3095ff92b10ab68cd07957b2ad6be587647b74.7z
Grandoreiro,https://www.vx-underground.org/#
Graphiron,https://samples.vx-underground.org/root/Samples/Families/Graphiron/0d0a675516f1ff9247f74df31e90f06b0fea160953e5e3bada5d1c8304cfbe63.7z
Grief,https://samples.vx-underground.org/root/Samples/Families/Grief/0864575d4f487e52a1479c61c2c4ad16742d92e16d0c10f5ed2b40506bbc6ca0.7z
GriftHorse,https://samples.vx-underground.org/root/Samples/Families/GriftHorse/00ee123526f8fe7b4a8b05e88c0713ce1bc2fa9cbeb9f5bbee4f2eee3cda9a9b.7z
GrimPlant,https://samples.vx-underground.org/root/Samples/Families/GrimPlant/016cfc82388191eb3456633ef4538f1decd0ce0454ba6e50eb82eee94828d5cb.7z
GuLoader,https://samples.vx-underground.org/root/Samples/Families/GuLoader/25f7735ff71a70abf4bb508d2711f50b.7z
GwisinLocker,https://samples.vx-underground.org/root/Samples/Families/GwisinLocker/Samples/7594bf1d87d35b489545e283ef1785bb2e04637cc1ff1aca9b666dde70528e2b.7z
HakBit,https://samples.vx-underground.org/root/Samples/Families/HakBit/049425dac929baf288c44c981ef63417d097fb95f5199c9f33e5ef5e2ec20590.7z
HalkBank,https://samples.vx-underground.org/root/Samples/Families/HalkBank/162bdf15d0bcb20725bb3cb8f06fcd34b6086905cb6389fa2f24bfc7314a28e0.7z
Hancitor,https://samples.vx-underground.org/root/Samples/Families/Hancitor/b9bafe8645a4dba7b7a9bd5132b696c0a419998d4f65fe897bb6912c2e019a7b.7z
HaronRansomware,https://samples.vx-underground.org/root/Samples/Families/HaronRansomware/dedad693898bba0e4964e6c9a749d380.7z
HavannaCrypt,https://samples.vx-underground.org/root/Samples/Families/HavannaCrypt/Samples/aa75211344aa7f86d7d0fad87868e36b33db1c46958b5aa8f26abefbad30ba17.7z
HavexRat,https://samples.vx-underground.org/root/Samples/Families/HavexRat/0ea750a8545252b73f08fe87db08376f789fe7e58a69f5017afa2806046380a5.7z
Havoc,https://samples.vx-underground.org/root/Samples/Families/Havoc/c522cb7ea8e1650d4129037d27eea9c68801ff41f94a0aac1084d3953210b038.7z
HawkEyeKeylogger,https://samples.vx-underground.org/root/Samples/Families/HawkEyeKeylogger/019A689DCC5128D85718BD043197B311.7z
HeaderTip,https://samples.vx-underground.org/root/Samples/Families/HeaderTip/042271aadf2191749876fc99997d0e6bdd3b89159e7ab8cd11a9f13ae65fa6b1.7z
HelloKitty,https://www.vx-underground.org/#
HermeticWiper,https://samples.vx-underground.org/root/Samples/Families/HermeticWiper/0385eeab00e946a302b24a91dea4187c1210597b8e17cd9e2230450f5ece21da.7z
HinataBot,https://samples.vx-underground.org/root/Samples/Families/HinataBot/01422e34b2114c68cdb6ce685cd2e5673bbe5652259a0c4b862d5de2824a9375.7z
HiveRansomware,https://www.vx-underground.org/#
Hoplight,https://samples.vx-underground.org/root/Samples/Families/Hoplight/0237b186086fa4d13e8c854dcf2d0f8a19fcbe62a58a415e9a5a933f1154e7d8.7z
HotCroissant,https://samples.vx-underground.org/root/Samples/Families/HotCroissant/04d70bb249206a006f83db39bbe49ff6e520ea329e5fbb9c758d426b1c8dec30.7z
Houdini,https://samples.vx-underground.org/root/Samples/Families/Houdini/01ab2c0cfb1e59c2664dceaed4dd0eb1549490c5670779b41a44a0f98e70a97a.7z
HTran,https://samples.vx-underground.org/root/Samples/Families/HTran/15b529d02b4d9effdc660b7546b4aab6f266af87bfca48a5a97ae7b46a725e64.7z
HydraBankBot,https://samples.vx-underground.org/root/Samples/Families/HydraBankBot/21927dca6d36fb51ed87f42f925bde7ac18a28d0896f64b572e36ce7ba86c012.7z
HyperBro,https://samples.vx-underground.org/root/Samples/Families/HyperBro/108243f61c53f00f8f1adcf67c387a8833f1a2149f063dd9ef29205c90a3c30a.7z
HyperSSL,https://samples.vx-underground.org/root/Samples/Families/HyperSSL/1ac0be7d289f2bbd00979069b9d3bf6ac76c0828c0ca7674ec791cdb463b8ff0.7z
IcedId,https://samples.vx-underground.org/root/Samples/Families/IcedId/001e855b6a3339043167d772a2d2972ac0d75fdb2e73f3c304e464a826c6debb.7z
Icefrog,https://samples.vx-underground.org/root/Samples/Families/Icefrog/0c1849fb64f7b64366c5bd9b13f30a06a0f362bc96f5eb150d93f1309efc9b59.7z
IceXLoader,https://samples.vx-underground.org/root/Samples/Families/IceXLoader/3a838c22312f4279f400b7eee63918d9232907a1aa483c824cb8a815150f06e8.7z
ImminentMonitor,https://samples.vx-underground.org/root/Samples/Families/ImminentMonitor/00113D89178638BBBE4AC372A9218F3DDCB06820B935FBEAAEFFC1A0A452393F.7z
Immortal Stealer,https://www.vx-underground.org/#
Industroyer,https://samples.vx-underground.org/root/Samples/Families/Industroyer/d69665f56ddef7ad4e71971f06432e59f1510a7194386e5f0e8926aea7b88e00.7z
Infy,https://samples.vx-underground.org/root/Samples/Families/Infy/000bdbb9556e3474630b36d57190d5dae719886a6cdecf824af6a456243ebf88.7z
IPStorm,https://samples.vx-underground.org/root/Samples/Families/IPStorm/Samples/01658e8cc706056aca50304b29bfcab92a60cd38771f2b3069ba94f525661122.7z
IRATA,https://samples.vx-underground.org/root/Samples/Families/IRATA/292a7b8d4cbf7c3b0ea807cbd954018c10404f08a05183adc6ceac55da6c72c0.7z
IsmAgent,https://samples.vx-underground.org/root/Samples/Families/IsmAgent/0644b3ffc856eb54b53338ab8ecd22dd005ee5aacfe321f4e61b763a93f82aea.7z
IssacWiper,https://samples.vx-underground.org/root/Samples/Families/IssacWiper/13037b749aa4b1eda538fda26d6ac41c8f7b1d02d83f47b0d187dd645154e033.7z
Ixeshe,https://samples.vx-underground.org/root/Samples/Families/Ixeshe/14f679b46b19ff76c4a8ebadd74fe422da961e6221db38ad4308d749fda01302.7z
Jaff,https://samples.vx-underground.org/root/Samples/Families/Jaff/00e123e3fbb770afce9037476e4accea2cced9923c2e8d3f391463438a18d682.7z
Jianmo,https://samples.vx-underground.org/root/Samples/Families/Jianmo/b2c1b0738fbfb21c1905322d434c5958be889e73.7z
Joker,https://samples.vx-underground.org/root/Samples/Families/Joker/afeb6efad25ed7bf1bc183c19ab5b59ccf799d46e620a5d1257d32669bedff6f.7z
JripBot,https://samples.vx-underground.org/root/Samples/Families/JripBot/14bfc2bf8a80a19ff2c1480f513c96b8e8adc89a8d75d7c0064f810f1a7a2e61.7z
JSocket,https://samples.vx-underground.org/root/Samples/Families/JSocket/00FAE81986029DE180F47C8D0DE85C9E.7z
Jupyter,https://samples.vx-underground.org/root/Samples/Families/Jupyter/Samples/1197067d50dd5dd5af12e715e2cc00c0ba1ff738173928bbcfbbad1ee0a52f21.7z
Karma,https://samples.vx-underground.org/root/Samples/Families/Karma/0d037ee0252e4f26800bcf7c750f61d0c549b7ba0a522c75e8d96dcf4f689e27.7z
Keybase,https://samples.vx-underground.org/root/Samples/Families/Keybase/0097FB254D95EF5393835FA27EF1F41448580C0513B892BF1E5531C598D3D595.7z
KghSpy,https://samples.vx-underground.org/root/Samples/Families/KghSpy/252d1b7a379f97fddd691880c1cf93eaeb2a5e5572e92a25240b75953c88736c.7z
KimjongRat,https://samples.vx-underground.org/root/Samples/Families/KimjongRat/52b898adaaf2da71c5ad6b3dfd3ecf64623bedf505eae51f9769918dbfb6b731.7z
KMSPico,https://samples.vx-underground.org/root/Samples/Families/KMSPico/98804d3117f46ca5c6e97cdd2573d6f7ada0a0cbb347573655ea67d0705d52d5.7z
Knot,https://samples.vx-underground.org/root/Samples/Families/Knot/597f7c7dea4d318bdab40158490f504a9c62a3f5691984ee26c7ebb92cce39d8.7z
Koadic,https://samples.vx-underground.org/root/Samples/Families/Koadic/0000015bf5f766e7a709983fe08a8d6983fb5d49213d4389871c2b69e6c19b25.7z
Kobalos,https://samples.vx-underground.org/root/Samples/Families/Kobalos/13cbde1b79ca195a06697df937580c82c0e1cd90cc91c18ddfe4a7802e8e923a.7z
Konni,https://samples.vx-underground.org/root/Samples/Families/Konni/1ce18f816875dae22ff0e038c9792d28ea649f119428a6b7e5af47e080f1dddd.7z
Korlia,https://samples.vx-underground.org/root/Samples/Families/Korlia/002a7512feb76d2b203dcb0e90f42de40b43d4e6d52edc9476a07d131f561e5b.7z
Kovter,https://samples.vx-underground.org/root/Samples/Families/Kovter/40050153dceec2c8fbb1912f8eeabe449d1e265f0c8198008be8b34e5403e731.7z
KoxicRansomware,https://samples.vx-underground.org/root/Samples/Families/KoxicRansomware/Samples/699159e695e230a48d94b6103b48940ed596d0b48fb6d936c04d86eed539cecd.7z
KrakenGoBotnet,https://samples.vx-underground.org/root/Samples/Families/KrakenGoBotnet/Samples/095c223b94656622c81cb9386aefa59e168756c3e200457e98c00b609e0bb170.7z
KRBanker,https://samples.vx-underground.org/root/Samples/Families/KRBanker/000D23EAD43A063BA2A00207290097DDC4E8E92218EE87DC1C943E55B415CEE5.7z
Kriptovor,https://samples.vx-underground.org/root/Samples/Families/Kriptovor/00E3B69B18BFAD7980C1621256EE10FA.7z
Kronos,https://samples.vx-underground.org/root/Samples/Families/Kronos/aad98f57ce0d2d2bb1494d82157d07e1f80fb6ee02dd5f95cd6a1a2dc40141bc.7z
KurayStealer,https://samples.vx-underground.org/root/Samples/Families/KurayStealer/Samples/8535c08d7e637219470c701599b5de4b85f082c446b4d12c718fa780e7535f07.7z
Kwampirs,https://samples.vx-underground.org/root/Samples/Families/Kwampirs/004eb85f41b511b61b64c9f8bbdd52e67b6f56bfc1c39830207d615cdbebe4da.7z
Lalala Stealer,https://www.vx-underground.org/#
Lambert,https://samples.vx-underground.org/root/Samples/Families/Lambert/15d2669d1e303b226f206c69554d67d121dd6a997b7883cbb081c5b00a3fe259.7z
Lampion,https://samples.vx-underground.org/root/Samples/Families/Lampion/a1f4fc0600d0971454d746a6ba87bbde56114a91119e95fc4ddb71f97452bb1a.7z
LazyScripter,https://samples.vx-underground.org/root/Samples/Families/LazyScripter/0fc8d0c3b6ab22533153b7296e597312fc8cf02e2ea92de226d93c09eaf8e579.7z
LeetMX,https://samples.vx-underground.org/root/Samples/Families/LeetMX/039308d47114c1bc4976d88869edf65d7f0658cb11a9eca534123578219b8c6c.7z
LemonDuck,https://samples.vx-underground.org/root/Samples/Families/LemonDuck/001acb33d42a803cd3a315780b657bf1f50ed28345e7238e139e19d62d9b2e08.7z
LightningFramework,https://samples.vx-underground.org/root/Samples/Families/LightningFramework/Samples/48f9471c20316b295704e6f8feb2196dd619799edec5835734fc24051f45c5b7.7z
LilithBot,https://samples.vx-underground.org/root/Samples/Families/LilithBot/9e04628a82c5a916705dc7cfc41739eac11e3cd918282b88192a68fbd99aefe1.7z
Limerat,https://samples.vx-underground.org/root/Samples/Families/Limerat/01eea2a4628c6b27a5249a08152655246871acafa657e391b73444c05097976e.7z
Linux.Spike,https://samples.vx-underground.org/root/Samples/Families/Linux.Spike/016C2A8C59F377DFE3C2A668700EFD36DF5764A5EEF11AB41AE3D45688FB5DDC.7z
LockBitRansomware,https://www.vx-underground.org/#
LockerGoga,https://samples.vx-underground.org/root/Samples/Families/LockerGoga/164f72dfb729ca1e15f99d456b7cf811.7z
LockyRansomware,https://samples.vx-underground.org/root/Samples/Families/LockyRansomware/0948390B18338B460EDF60BEAF1A792D1D85DAB64EC59B158FA2D47E78AD4373.7z
Loda,https://samples.vx-underground.org/root/Samples/Families/Loda/05d2fa5bb97f37edaaff99f58ffedbd438e928fb3881ede921a19b07fb884b0b.7z
Log4JMalware,https://www.vx-underground.org/#
Lokibot,https://samples.vx-underground.org/root/Samples/Families/Lokibot/00120d86ee7297543c0c9537ac1f22569d5eca13ba55e49ba9c06fb06d05180f.7z
LokiLockerRansomware,https://samples.vx-underground.org/root/Samples/Families/LokiLockerRansomware/Samples/0684437b17ae4c28129fbb2cfe75b83cc8424ba119b9ca716ad001a284d62ead.7z
LokiPasswordStealer,https://samples.vx-underground.org/root/Samples/Families/LokiPasswordStealer/000b0ffbdc5c343ae1d293224a693a0b18a08a82d8e795dd4f2daf2ebd053d66.7z
LorenzRansomware,https://www.vx-underground.org/#
Lucifer,https://samples.vx-underground.org/root/Samples/Families/Lucifer/00f49b9f5e2d0156017dd5421c9301cf62b0a023d45f36455cf1d287c7f061cb.7z
M0yv,https://samples.vx-underground.org/root/Samples/Families/M0yv/0241ebc3f946d944605386b9a8f3e61c48f4130abe3aad2d7f950ea2b8e295e6.7z
MacOS.AdLoad,https://samples.vx-underground.org/root/Samples/Families/MacOS.AdLoad/008eaa5489dc86643ef516b23258a02111544124.7z
MacOS.Adwind,https://samples.vx-underground.org/root/Samples/Families/MacOS.Adwind/786d2cfe423b4d5a746ceb8a411b27df98b8bb01b78f0b9348a86c686f6c4768.7z
MacOS.BirdMiner,https://samples.vx-underground.org/root/Samples/Families/MacOS.BirdMiner/390e9a6d4a6f6c9a553aaa6543058931d14cfdc2620732bbfac73fd90eaf09ee.7z
MacOS.Calisto,https://samples.vx-underground.org/root/Samples/Families/MacOS.Calisto/2f38b201f6b368d587323a1bec516e5d.7z
MacOS.Cointicker,https://samples.vx-underground.org/root/Samples/Families/MacOS.Cointicker/efb5b32f87bfd6089912073cb33850c58640d59cb52d8c63853d97b4771bc490.7z
MacOS.Coldroot,https://samples.vx-underground.org/root/Samples/Families/MacOS.Coldroot/C20980D3971923A0795662420063528A43DD533D07565EB4639EE8C0CCB77FDF.7z
MacOS.Convuster,https://samples.vx-underground.org/root/Samples/Families/MacOS.Convuster/02a0842beaf5ee9ed4f0f693ba276b73d53717eca821d2506efcdef7711d66da.7z
MacOS.Cookieminer,https://samples.vx-underground.org/root/Samples/Families/MacOS.Cookieminer/27ccebdda20264b93a37103f3076f6678c3446a2c2bfd8a73111dbc8c7eeeb71.7z
MacOS.Dok,https://samples.vx-underground.org/root/Samples/Families/MacOS.Dok/0a2fa5bcd481dd971560b9084bb14a7532195dd0.7z
MacOS.Dummy,https://samples.vx-underground.org/root/Samples/Families/MacOS.Dummy/ced05b1f429ade707691b04f59d7929961661963311b768d438317f4d3d82953.7z
MacOS.Evilquest,https://samples.vx-underground.org/root/Samples/Families/MacOS.Evilquest/178b29ba691eea7f366a40771635dd57d8e8f7e8.7z
MacOS.KeRanger,https://samples.vx-underground.org/root/Samples/Families/MacOS.KeRanger/31b6adb633cff2a0f34cefd2a218097f3a9a8176c9363cc70fe41fe02af810b9.7z
MacOS.Kitm,https://samples.vx-underground.org/root/Samples/Families/MacOS.Kitm/270c68177450f00cd7eabd444ec5c4b10e6b2f0799b73a3a25b4caed2da17ec7.7z
MacOS.LaoShu,https://samples.vx-underground.org/root/Samples/Families/MacOS.LaoShu/467cd41726d276d3da442e2f0e65f0a0.7z
MacOS.Macma,https://samples.vx-underground.org/root/Samples/Families/MacOS.Macma/107f844f19e638866d8249e6f735daf650168a48a322d39e39d5e36cfc1c8659.7z
MacOS.Pirrit,https://samples.vx-underground.org/root/Samples/Families/MacOS.Pirrit/70772fccaec011be535d1f41212f755f.7z
MacOS.Shlayer,https://samples.vx-underground.org/root/Samples/Families/MacOS.Shlayer/01955d7aeaa49c9923caa4b4549d10a7029a8f9b3fdc2fd3e3e5fb0253caff6a.7z
MacOS.Tarmac,https://samples.vx-underground.org/root/Samples/Families/MacOS.Tarmac/0525359759f4b39cfbf95045a486ea2cb67f848b4c35d98f1d1ee7f6768d9905.7z
MacOS.XCSSET,https://samples.vx-underground.org/root/Samples/Families/MacOS.XCSSET/6614978ab256f922d7b6dbd7cc15c6136819f4bcfb5a0fead480561f0df54ca6.7z
MacOS.XLoader,https://samples.vx-underground.org/root/Samples/Families/MacOS.XLoader/7edead477048b47d2ac3abdc4baef12579c3c348.7z
MacOS.Zuru,https://samples.vx-underground.org/root/Samples/Families/MacOS.Zuru/0560072ef7055802e977865324d95171126fe68cb797d4ebc0bda328435014fa.7z
MagicRAT,https://samples.vx-underground.org/root/Samples/Families/MagicRAT/f6827dc5af661fbb4bf64bc625c78283ef836c6985bb2bfb836bd0c8d5397332.7z
Magnat,https://samples.vx-underground.org/root/Samples/Families/Magnat/09158bf9c73f856f8a310ffa7238042d08d3a475ea34ffa6cee9e88d841c4a7e.7z
MagniberRansomware,https://samples.vx-underground.org/root/Samples/Families/MagniberRansomware/Samples/a93d0f59b3374c6d3669a5872d44515f056e9dbf.7z
Mandrake,https://samples.vx-underground.org/root/Samples/Families/Mandrake/11c46b58dc9756954223615d8b3a5cbff9db248c9d1b4d0aad6a0551c03e6432.7z
Manjusaka,https://samples.vx-underground.org/root/Samples/Families/Manjusaka/11ac7b483852027c8516482c6ae3bf16b69baa2d6cfa98a9408189754d7adc01.7z
MarsStealer,https://samples.vx-underground.org/root/Samples/Families/MarsStealer/36613d674b4737da2b2986d9a49b48d06f1233cc7ea6aa7386bdb6d4bec90301.7z
MassLogger,https://samples.vx-underground.org/root/Samples/Families/MassLogger/01a083f468e17d5da38d15907e26a71ce4ec6ee575aa5069e090e3d325f855ce.7z
MauiRansomware,https://samples.vx-underground.org/root/Samples/Families/MauiRansomware/Samples/45d8ac1ac692d6bb0fe776620371fca02b60cac8db23c4cc7ab5df262da42b78.7z
Maze,https://samples.vx-underground.org/root/Samples/Families/Maze/033d88301b55148a4498c2ec6b5209ad5f539c81b652e294889642a3aa0399c0.7z
MedusaLocker,https://samples.vx-underground.org/root/Samples/Families/MedusaLocker/19e31469f150f69bda363c8a3454113236620aa44155dbe845e7689522724b0b.7z
MekotioBanker,https://samples.vx-underground.org/root/Samples/Families/MekotioBanker/09a536c2260d01fe9de33b905cde75685360cd3d.7z
MementoRansomware,https://samples.vx-underground.org/root/Samples/Families/MementoRansomware/Samples/07e1e386d8ffcc5b5ef1e55d6fb31a210522e2d9f1955dc24ba5c43523813612.7z
MeowRansomware,https://samples.vx-underground.org/root/Samples/Families/MeowRansomware/222e2b91f5becea8c7c05883e4a58796a1f68628fbb0852b533fed08d8e9b853.7z
MercurialStealer,https://samples.vx-underground.org/root/Samples/Families/MercurialStealer/Samples/7ccf9c71166df6cabd5dfbdbbb78a3e9bda721c43dd4f882765f86e6838e3b75.7z
Metamorfo,https://samples.vx-underground.org/root/Samples/Families/Metamorfo/0113d8a67b61dd6163b003c806d997f1f26da9df316744571aa1295c7ffb9995.7z
Micropsia,https://samples.vx-underground.org/root/Samples/Families/Micropsia/0732672e4274ba03e58cadceadf18c8ccb4ee6b7b643b96aff1675e708f1c514.7z
MidasRansomware,https://samples.vx-underground.org/root/Samples/Families/MidasRansomware/Samples/0d43eca3777f98773314e04870bcbe76d6c5eb0694356509cd9f698d9a169f76.7z
Mirai,https://samples.vx-underground.org/root/Samples/Families/Mirai/0255C6D7B88947C7BC82C9B06169E69D.7z
Mispadu,https://samples.vx-underground.org/root/Samples/Families/Mispadu/073f9d7bbdca94b3e6f5e572522e8ed17629abf6ef27f0e6a65895a107b52881.7z
Mmon,https://samples.vx-underground.org/root/Samples/Families/Mmon/86dd21b8388f23371d680e2632d0855b442f0fa7e93cd009d6e762715ba2d054.7z
MNKit,https://samples.vx-underground.org/root/Samples/Families/MNKit/01A661EE0473EFDD5502AC109180BC3EB45FFD5D76A433D248099F1C03BF2A01.7z
Modernloader,https://samples.vx-underground.org/root/Samples/Families/Modernloader/Samples/01172ec5d6a0087feca500e9b6eb05b609f64f6842440492e2a51539a3cd9677.7z
MoishaRansomware,https://samples.vx-underground.org/root/Samples/Families/MoishaRansomware/Samples/b3ebc327773f5f846deeb1255475644a630c4d0d3b4eda3bbf995a36599c07cf.7z
Molerats,https://samples.vx-underground.org/root/Samples/Families/Molerats/0A777B0B981DF907E42B277C2AE6DA0D68539781DFDBB256EA4C41A5B7A9996E.7z
MooBot,https://samples.vx-underground.org/root/Samples/Families/MooBot/06FC99956BD2AFCEEBBCD157C71908F8CE9DDC81A830CBE86A2A3F4FF79DA5F4.7z
Moqhao,https://samples.vx-underground.org/root/Samples/Families/Moqhao/1915ea279e8e5f518e766c9e3363d651891cc4e63951c1dbca0d6e600673d972.7z
MosesStaff,https://samples.vx-underground.org/root/Samples/Families/MosesStaff/4321de27d8673ba0d36a3dd42711407883f2144e8a2ba5ac6e1b02e5753a8732.7z
MuddyWater.Alien,https://samples.vx-underground.org/root/Samples/Families/MuddyWater.Alien/4e8a2b592ed90ed13eb604ea2c29bfb3fbc771c799b3615ac84267b85dd26d1c.7z
Murofet,https://samples.vx-underground.org/root/Samples/Families/Murofet/005e77a55b8f1bf4049d6231c2349a01d019b46f47b6930103458a2aadd1bfa6.7z
MyDogs,https://samples.vx-underground.org/root/Samples/Families/MyDogs/4304a54dfcc68129983bdecade9c7a45b277885a5d6e39796f7722f516ab70eb.7z
MyDoom,https://samples.vx-underground.org/root/Samples/Families/MyDoom/13c05f728f59b645759ccff2469dd2b2.7z
MyloBot,https://samples.vx-underground.org/root/Samples/Families/MyloBot/Samples/00941b8ef62ade0af2aaf0377d5c964081681c3837d1a9d1d70dca8274b4bc1f.7z
Nachocheese,https://samples.vx-underground.org/root/Samples/Families/Nachocheese/0237b186086fa4d13e8c854dcf2d0f8a19fcbe62a58a415e9a5a933f1154e7d8.7z
Nanhaishu,https://samples.vx-underground.org/root/Samples/Families/Nanhaishu/9696478b1484a0182644050d9adece9404f51eac193c4629a2bea9669a2fe5ef.7z
Nanocore,https://samples.vx-underground.org/root/Samples/Families/Nanocore/15a6502124a4b7573c45d96f041b950f.7z
Necro,https://samples.vx-underground.org/root/Samples/Families/Necro/Samples/0e537db39a7be5493750b7805e3a97da9e6dd78a0c7fca282a55a0241803d803.7z
Necurs,https://samples.vx-underground.org/root/Samples/Families/Necurs/005e77a55b8f1bf4049d6231c2349a01d019b46f47b6930103458a2aadd1bfa6.7z
NerbianRAT,https://samples.vx-underground.org/root/Samples/Families/NerbianRAT/Samples/1b8c9e7c150bacd466fbe7f12b39883821f23b67cae0a427a57dc37e5ea4390f.7z
Neshta,https://samples.vx-underground.org/root/Samples/Families/Neshta/fbbefa2bf51016a540da3b67d0da5120.7z
NetFilter,https://samples.vx-underground.org/root/Samples/Families/NetFilter/c664fc54853d9b50d7e33bad5bd7070e.7z
NetSupportRAT,https://samples.vx-underground.org/root/Samples/Families/NetSupportRAT/306a4acb51995d012cedf11eeae5e6cd9f41bf577dc5b6855a9df61ce843bc67.7z
Netwalker,https://samples.vx-underground.org/root/Samples/Families/Netwalker/f4656a9af30e98ed2103194f798fa00fd1686618e3e62fba6b15c9959135b7be.7z
NetWireRAT,https://samples.vx-underground.org/root/Samples/Families/NetWireRAT/0000b2351e3559e85bf607ac028c490add80e92f48c1610a9453f19bf4b24a86.7z
Networm,https://samples.vx-underground.org/root/Samples/Families/Networm/84e3943500640b09838a996b191dcb2a425759778f30ee956926c158be536fbe.7z
NeutrinoEK,https://samples.vx-underground.org/root/Samples/Families/NeutrinoEK/2FC852F50667A09609D2A66770DF180D.7z
Ngrbot,https://samples.vx-underground.org/root/Samples/Families/Ngrbot/005ebbd6529b14b4cc3f49e750b8f2a5d77474e83c05f62ba6f6727485909f10.7z
NightHawkRAT,https://samples.vx-underground.org/root/Samples/Families/NightHawkRAT/0551ca07f05c2a8278229c1dc651a2b1273a39914857231b075733753cb2b988.7z
Nimrev,https://samples.vx-underground.org/root/Samples/Families/Nimrev/012923ec43e262a0b0a0b55cebce1b80ef5f6e828f9612a761be21bc1c3d74a9.7z
NitlovePOS,https://samples.vx-underground.org/root/Samples/Families/NitlovePOS/3309274E139157762B5708998D00CEE0.7z
NjRat,https://samples.vx-underground.org/root/Samples/Families/NjRat/09983f8a77b8aec0f5fb58adccf88a38.7z
node-ipc-Protestware,https://samples.vx-underground.org/root/Samples/Families/node-ipc-Protestware/Samples/26b1b6f872eb12f9980a0c6cc6cd3ddb4d4f46b8c3adbc8b4cb3c2619840ed75.7z
NokoyawaRansomware,https://samples.vx-underground.org/root/Samples/Families/NokoyawaRansomware/Samples/2ef9a4f7d054b570ea6d6ae704602b57e27dee15f47c53decb16f1ed0d949187.7z
Nosu,https://samples.vx-underground.org/root/Samples/Families/Nosu/6499cadaea169c7dfe75b55f9c949659af49649a10c8b593a8db378692a11962.7z
NSIS,https://samples.vx-underground.org/root/Samples/Families/NSIS/5f4b0aa22ce65b30fb232421673fad4c126970928207ade256d3bfee33dc3687.7z
NuclearEK,https://samples.vx-underground.org/root/Samples/Families/NuclearEK/601D5BE8152DB73426935B3265985074A0A53D7B018FD9BD288553463EF77CA9.7z
Nukesped,https://samples.vx-underground.org/root/Samples/Families/Nukesped/dae9f37ae5c2a030c0fb3f55d5731cdb37a4f68560a6f2ba38bb54c9533f8805.7z
Nullmixer,https://samples.vx-underground.org/root/Samples/Families/Nullmixer/Samples/068138ec30d72badb43978930b9ae683ebea337b2ee68f7bf786cc0b2d239ed8.7z
Numando,https://samples.vx-underground.org/root/Samples/Families/Numando/4A1C48064167FC4AD5D943A54A34785B3682DA92.7z
NvRendererMiner,https://samples.vx-underground.org/root/Samples/Families/NvRendererMiner/b304a7da17ae8f2f5a061a35c33e9d8af00f512046d121e69cd7a227f92d842e.7z
Octocrypt,https://samples.vx-underground.org/root/Samples/Families/Octocrypt/65ad38f05ec60cabdbac516d8b0e6447951a65ca698ca2046c50758c3fd0608b.7z
Ohagi,https://samples.vx-underground.org/root/Samples/Families/Ohagi/00AF042F1BB6EC93D0A2FFB59E42DFF29C33C8CE096A6F144A7A2A2D43D699AC.7z
Okiru,https://samples.vx-underground.org/root/Samples/Families/Okiru/0391760B7FD4B05C7D396EFF0ADE1F5E3F6F3495F5B1D3319D6FAD5BA4205C60.7z
OldGremlin,https://samples.vx-underground.org/root/Samples/Families/OldGremlin/Samples/273b91f37c01bd64d87c507db9868152665f964a2f5bbc744c207d6083e0af89.7z
OnlinerSpambot,https://samples.vx-underground.org/root/Samples/Families/OnlinerSpambot/00090e77551fcf9bbbd18da376d28c0282db6c11726608a90f8fd421c93fc616.7z
OnyxRansomware,https://www.vx-underground.org/#
OrBit,https://samples.vx-underground.org/root/Samples/Families/OrBit/Samples/40b5127c8cf9d6bec4dbeb61ba766a95c7b2d0cafafcb82ede5a3a679a3e3020.7z
Orcus,https://samples.vx-underground.org/root/Samples/Families/Orcus/Samples/0024D27614933D13F0BA3C380E28558D9470861BCCED22FF2BE822EC098A8646.7z
OriginLogger,https://samples.vx-underground.org/root/Samples/Families/OriginLogger/Samples/595a7ea981a3948c4f387a5a6af54a70a41dd604685c72cbd2a55880c2b702ed.7z
Oscorp,https://samples.vx-underground.org/root/Samples/Families/Oscorp/c219509f3c95287a6b9900138628e5e1.7z
Oski,https://samples.vx-underground.org/root/Samples/Families/Oski/24dd86688a277a16ca013809c71ab8c0.7z
Ousaban,https://samples.vx-underground.org/root/Samples/Families/Ousaban/0ed6d539365305787d1625bf6462c93dbd02af768970b6d05f8ca5c6ff2e1b3d.7z
Owowa,https://samples.vx-underground.org/root/Samples/Families/Owowa/54fecd3227a435c17463f543eacdb7482fc7b2fde4db1d12d16aab94dfdf4085.7z
Panchan,https://samples.vx-underground.org/root/Samples/Families/Panchan/Samples/6f445252494a0908ab51d526e09134cebc33a199384771acd58c4a87f1ffc063.7z
PandaBanker,https://samples.vx-underground.org/root/Samples/Families/PandaBanker/01550937532b545fbce6841f0c1eefe4621d60e5de31d32b759e12ee36d1a3a1.7z
PandoraRansomware,https://samples.vx-underground.org/root/Samples/Families/PandoraRansomware/Samples/1f172321dfc7445019313cbed4d5f3718a6c0638f2f310918665754a9e117733.7z
Paradies,https://samples.vx-underground.org/root/Samples/Families/Paradies/4df448d36e3409ecd712702ef66dba779d81961ae364243ccc0e2e5a6cb39334.7z
ParallaxRat,https://samples.vx-underground.org/root/Samples/Families/ParallaxRat/006dc4ebf2c47becdc58491162728990147717a0d9dd76fefa9b7eb83937c60b.7z
PassCV,https://samples.vx-underground.org/root/Samples/Families/PassCV/009645C628E719FAD2E280EF60BBD8E49BF057196AC09B3F70065F1AD2DF9B78.7z
Pay2Key,https://samples.vx-underground.org/root/Samples/Families/Pay2Key/3e35a2a6b58853ab7443aef40d22dc37c3d94848ec9f5b9ca27c1892082b4f07.7z
Pegasus,https://samples.vx-underground.org/root/Samples/Families/Pegasus/4261312a1666ccaeb48d55ddd1d64559.7z
PhobosRansomware,https://samples.vx-underground.org/root/Samples/Families/PhobosRansomware/Samples/2bf3f6ad7c97a8565b745670e1ab85926372e53ba56d1203cbd9f177f81bf449.7z
Phorpiex,https://samples.vx-underground.org/root/Samples/Families/Phorpiex/143e15adc8d63526b124a401fe1182a44542fb79f22fc17c602151a839c22682.7z
PickandPlaceRAT,https://samples.vx-underground.org/root/Samples/Families/PickandPlaceRAT/Samples/1679b086f649d92456b2f60028fe3be7169e955830319e7f68063ab76379a37e.7z
PIVY,https://samples.vx-underground.org/root/Samples/Families/PIVY/02362ac6b456d3538b4a7ddd48690cabfaa466d346c72401a1286d28ddc6b04c.7z
PlatinumGroup,https://samples.vx-underground.org/root/Samples/Families/PlatinumGroup/0075be8e71880469a8c4b3f6f52970351d5dacdd30fa7885de0710b9eac97405.7z
PLAYRansomware,https://samples.vx-underground.org/root/Samples/Families/PLAYRansomware/006ae41910887f0811a3ba2868ef9576bbd265216554850112319af878f06e55.7z
PlugX,https://samples.vx-underground.org/root/Samples/Families/PlugX/0490ceace858ff7949b90ab4acf4867878815d2557089c179c9971b2dd0918b9.7z
Pony,https://samples.vx-underground.org/root/Samples/Families/Pony/071B754BFFA96101BF8C563AD7EFD4DF3F221B2E.7z
Poseidon,https://samples.vx-underground.org/root/Samples/Families/Poseidon/2145D54164C32FABA44164EA7C9ADD33.7z
PoweRAT,https://samples.vx-underground.org/root/Samples/Families/PoweRAT/5397800c26dc73bd3dfbd91aa88964244bc8d8dc9cc533fe25f9457d317354f9.7z
Powersniff,https://samples.vx-underground.org/root/Samples/Families/Powersniff/0661C68E6C247CD6F638DBCAC7914C826A5FEEE1013E456AF2F1F6FD642F4147.7z
PowerStager,https://samples.vx-underground.org/root/Samples/Families/PowerStager/060984A9230C119DA95000B077B51DDFE58012444C24CD0A5A705A87125F77EB.7z
PPAMDropper,https://samples.vx-underground.org/root/Samples/Families/PPAMDropper/Samples/271028308b8a45535b865b0818f39c098e78506a36de57ffee0087c810a65cdb.7z
Predator the Thief,https://www.vx-underground.org/#
PrivateLoader,https://samples.vx-underground.org/root/Samples/Families/PrivateLoader/Samples/077225467638a420cf29fb9b3f0241416dcb9ed5d4ba32fdcf2bf28f095740bb.7z
ProjectSauron,https://samples.vx-underground.org/root/Samples/Families/ProjectSauron/3782b63d7f6f688a5ccb1b72be89a6a98bb722218c9f22402709af97a41973c8.7z
Prometei,https://samples.vx-underground.org/root/Samples/Families/Prometei/00ad8a3aba502de1235773e96d3674e15b6f72187545c09ccfd8e6b3c91300bc.7z
PryntStealer,https://samples.vx-underground.org/root/Samples/Families/PryntStealer/1283c477e094db7af7d912ba115c77c96223208c03841768378a10d1819422f2.7z
Punkey,https://samples.vx-underground.org/root/Samples/Families/Punkey/04678DE7A93CA1FD7FC7EBA1672EC04C9855160B4CACE440CFCD3C66D8543026.7z
PupyRAT,https://samples.vx-underground.org/root/Samples/Families/PupyRAT/459dc6aeffb60a7ca353a525e5f90a03eedb7d52cac387f54723024be6371d72.7z
PureCrypter,https://samples.vx-underground.org/root/Samples/Families/PureCrypter/00d164491e2ebd3ecbf428ccc6625b2451d32bb4ed4d22049b5f0e1c122642a5.7z
PurpleFox,https://samples.vx-underground.org/root/Samples/Families/PurpleFox/Samples/07719f8de2fe07722f1fa464fa7091830b835b58d9c5f99763b9a49ee0d0491e.7z
Pushdo,https://samples.vx-underground.org/root/Samples/Families/Pushdo/40165EE6B1D69C58D3C0D2F4701230FA.7z
PwnPOS,https://samples.vx-underground.org/root/Samples/Families/PwnPOS/088f40a7a52635ff19e80c62883977d94dd5835e85739e19504f7437d296760b.7z
Pymafka,https://samples.vx-underground.org/root/Samples/Families/Pymafka/Samples/137edba65b32868fbf557c07469888e7104d44911cd589190f53f6900d1f3dfb.7z
Pysa,https://samples.vx-underground.org/root/Samples/Families/Pysa/0f0014669bc10a7d87472cafc05301c66516857607b920ddeb3039f4cb8f0a50.7z
QakBot,https://samples.vx-underground.org/root/Samples/Families/QakBot/1ee5c674b64eee2406d7dc3620874459eaae6403cb05960bc6c7f05d7a33a067.7z
QtBot,https://samples.vx-underground.org/root/Samples/Families/QtBot/00015b5981cb3b887a65e6f90f26cc9d081493f6dc01ce63af27d1e21e33758f.7z
QuantumRansomware,https://samples.vx-underground.org/root/Samples/Families/QuantumRansomware/2cbb3497bfa28d9966c1feeae96d452d.7z
QuasarRAT,https://samples.vx-underground.org/root/Samples/Families/QuasarRAT/742d07180cb13ef49af926500163da5d.7z
RaccoonStealer,https://samples.vx-underground.org/root/Samples/Families/RaccoonStealer/Samples/0406811e788b8b7e0b466000d39488eb.7z
RagnarLocker,https://www.vx-underground.org/#
Ramdo,https://samples.vx-underground.org/root/Samples/Families/Ramdo/001BB2F37299531A4023E8F64C5CB84F3E2FA26A87E92286046997D3DD757BC1.7z
RansomExx,https://www.vx-underground.org/#
Rapperbot,https://samples.vx-underground.org/root/Samples/Families/Rapperbot/Samples/05c78eaf32af9647f178dff981e6e4e43b1579d95ccd4f1c2f1436dbfa0727ad.7z
RaspberryRobin,https://samples.vx-underground.org/root/Samples/Families/RaspberryRobin/0b214297e87360b3b7f6d687bdd7802992bc0e89b170d53bf403e536e07e396e.7z
RatDispenser,https://samples.vx-underground.org/root/Samples/Families/RatDispenser/00853f4f702bf8a3c82edbd1892c19aaa612f03d4541625068c01d0f56d4415b.7z
RatMilad,https://samples.vx-underground.org/root/Samples/Families/RatMilad/0d0dcc0e2eebf07b902a58665155bd9b035d6b91584bd3cc435f11beca264b1e.7z
RawPOS,https://samples.vx-underground.org/root/Samples/Families/RawPOS/02E1763D48BA1F2CE12DC2BF47BCAA53A274CBA2.7z
Razy,https://samples.vx-underground.org/root/Samples/Families/Razy/1e936aa4e23a8a846c873fc0b8a5e13e.7z
Rdat,https://samples.vx-underground.org/root/Samples/Families/Rdat/01ad488f91326d157074f8bca5d87fd1eefa35714028363b53965222f9080d26.7z
Reaver,https://samples.vx-underground.org/root/Samples/Families/Reaver/1813F10BCF74BEB582C824C64FFF63CB150D178BEF93AF81D875CA84214307A1.7z
RecordBreaker,https://samples.vx-underground.org/root/Samples/Families/RecordBreaker/022432f770bf0e7c5260100fcde2ec7c49f68716751fd7d8b9e113bf06167e03.7z
RedAlertRansomware,https://samples.vx-underground.org/root/Samples/Families/RedAlertRansomware/Samples/039e1765de1cdec65ad5e49266ab794f8e5642adb0bdeb78d8c0b77e8b34ae09.7z
RedCap,https://samples.vx-underground.org/root/Samples/Families/RedCap/4b1b1a1293ccd2c0fd51075de9376ebb55ab64972da785153fcb0a4eb523a5eb.7z
RedLine,https://samples.vx-underground.org/root/Samples/Families/RedLine/Samples/020fbe48b4da34a90d3422f211aa0338681a7cb9e99292b2b9d738a354ed97de.7z
Rekoobe,https://samples.vx-underground.org/root/Samples/Families/Rekoobe/fa94282e34901eba45720c4f89a0c820d32840ae49e53de8e75b2d6e78326074.7z
Rekt Loader,https://www.vx-underground.org/#
Remcos,https://samples.vx-underground.org/root/Samples/Families/Remcos/02ca3e9c06b2a9b2df05c97a8efa03e7.7z
Retefe,https://samples.vx-underground.org/root/Samples/Families/Retefe/089DBEFC547CB23AE99D3CC3B0F52F53.7z
REvil,https://samples.vx-underground.org/root/Samples/Families/REvil/00137aca59dc0ab21177eac8e5a80a78ea2d0452d30c7049ab8547ea1aa6fe78.7z
RoadsweepRansomware,https://samples.vx-underground.org/root/Samples/Families/RoadsweepRansomware/f116acc6508843f59e59fb5a8d643370dce82f492a217764521f46a856cc4cb5.7z
RoamingMantis,https://samples.vx-underground.org/root/Samples/Families/RoamingMantis/Samples/1e41a9f204ed3bf567eb955f9dae119213cdf4fa3c6dacaa9bb21e95dace021f.7z
RokRAT,https://samples.vx-underground.org/root/Samples/Families/RokRAT/171E26822421F7ED2E34CC092EAEBA8A504B5D576C7FD54AA6975C2E2DB0F824.7z
Rombertik,https://samples.vx-underground.org/root/Samples/Families/Rombertik/0566F9026654C01E3BBC502C112E40BC.7z
ROMCOMRat,https://samples.vx-underground.org/root/Samples/Families/ROMCOMRat/05681ff7cae6b28f5714628a269caa5115da49c94737ce82ec09b4312e40fd26.7z
RookRansomware,https://samples.vx-underground.org/root/Samples/Families/RookRansomware/Samples/96f7df1c984c1753289600f7f373f3a98a4f09f82acc1be8ecfd5790763a355b.7z
RotaJakiro,https://samples.vx-underground.org/root/Samples/Families/RotaJakiro/0958e1f4c3d14e4de380bda4c5648ab4fa4459ef8f5daaf32bb5f3420217af32.7z
Rovnix,https://samples.vx-underground.org/root/Samples/Families/Rovnix/0075ebeaacf1c966bf1d73a869827dd83774ad44673545886414d1262155c46e.7z
RoyalRansomware,https://samples.vx-underground.org/root/Samples/Families/RoyalRansomware/2598e8adb87976abe48f0eba4bbb9a7cb69439e0c133b21aee3845dfccf3fb8f.7z
Rozena,https://samples.vx-underground.org/root/Samples/Families/Rozena/Samples/3558840ffbc81839a5923ed2b675c1970cdd7c9e0036a91a0a728af14f80eff3.7z
RtPOS,https://samples.vx-underground.org/root/Samples/Families/RtPOS/fb749c32b58fd1238f21d48ba1deb60e6fb4546f3a74e211f80a3ed005f9e046.7z
RURansom,https://samples.vx-underground.org/root/Samples/Families/RURansom/107da216ad99b7c0171745fe7f826e51b27b1812d435b55c3ddb801e23137d8f.7z
Saitama,https://samples.vx-underground.org/root/Samples/Families/Saitama/e0872958b8d3824089e5e1cfab03d9d98d22b9bcb294463818d721380075a52d.7z
Sakula,https://samples.vx-underground.org/root/Samples/Families/Sakula/0000b2fef428e92dae29996f177423dbf82e49523eaf70d03bc698114ab5d859.7z
SamsamRansomware,https://samples.vx-underground.org/root/Samples/Families/SamsamRansomware/022F80D65608A6AF3EB500F4B60674D2C59B11322A3F87DCBB8582CE34C39B99.7z
Sanya,https://samples.vx-underground.org/root/Samples/Families/Sanya/17921368901f23e0cad0d2fe4ce5694aebaf4727699ed0358117500701914d1b.7z
Satana,https://samples.vx-underground.org/root/Samples/Families/Satana/021e24623d999c5bd993873735d8c62202b6591199200d680ff94ca1cf2f58d3.7z
ScareCrowRansomware,https://samples.vx-underground.org/root/Samples/Families/ScareCrowRansomware/7f6421cdf6355edfdcbddadd26bcdfbf984def301df3c6c03d71af8e30bb781f.7z
Scieron,https://samples.vx-underground.org/root/Samples/Families/Scieron/00374876f676564ca047e2cb16c17b2e5b0352589bb791e669dcebcddfc6b572.7z
ScrubCrypt,https://samples.vx-underground.org/root/Samples/Families/ScrubCrypt/04ce543c01a4bace549f6be2d77eb62567c7b65edbbaebc0d00d760425dcd578.7z
SFileRansomware,https://www.vx-underground.org/#
ShadowPad,https://samples.vx-underground.org/root/Samples/Families/ShadowPad/231d21ceefd5c70aa952e8a21523dfe6b5aae9ae6e2b71a0cdbe4e5430b4f5b3.7z
SharkBot,https://samples.vx-underground.org/root/Samples/Families/SharkBot/008338b39c0abf3aa75e92e845c34ac60e049a480eb1e0ab8d3147085a7bb745.7z
Shellbot,https://samples.vx-underground.org/root/Samples/Families/Shellbot/48368ea31d0c65f11427234639aebb1e.7z
ShellCrew,https://samples.vx-underground.org/root/Samples/Families/ShellCrew/106E63DBDA3A76BEEB53A8BBD8F98927.7z
Shikitega,https://samples.vx-underground.org/root/Samples/Families/Shikitega/Samples/0233dcf6417ab33b48e7b54878893800d268b9b6e5ca6ad852693174226e3bed.7z
ShimRAT,https://samples.vx-underground.org/root/Samples/Families/ShimRAT/029e735581c38d66f03aa0e9d1c22959b0bc8dfe298b9e91b127c42c7f904b5e.7z
ShinoLocker,https://samples.vx-underground.org/root/Samples/Families/ShinoLocker/cfada30d54f8a6ebedf7b7edd3c57b4f.7z
ShinyMW2Exploit,https://samples.vx-underground.org/root/Samples/Families/ShinyMW2Exploit/CB000ABED31B92B4F3F895A633EF0FFAF01A1BE0DFC73619ACF98C1605A5999D.7z
Shlayer,https://samples.vx-underground.org/root/Samples/Families/Shlayer/852ff1b97c1155fc28b14f5633a17de02dcace17bdc5aadf42e2f60226479eaf.7z
Sidewalk,https://samples.vx-underground.org/root/Samples/Families/Sidewalk/0bff46518b35ddfe37f4a7820286aab829d81f1480d9eeca5aaedc9ceda6724f.7z
Sierra,https://samples.vx-underground.org/root/Samples/Families/Sierra/006e0cc29697db70b2d4319f320aa0e52f78bf876646f687aa313e8ba04e6992.7z
SiestaGraph,https://samples.vx-underground.org/root/Samples/Families/SiestaGraph/1a87e1b41341ad042711faa0c601e7b238a47fa647c325f66b1c8c7b313c8bdf.7z
Siloscape,https://samples.vx-underground.org/root/Samples/Families/Siloscape/81046F943D26501561612A629D8BE95AF254BC161011BA8A62D25C34C16D6D2A.7z
Skipper,https://samples.vx-underground.org/root/Samples/Families/Skipper/00f5c8705613f3d43a6aae49388763c7de1cf12f34a71dddfd40da23ac37cbc6.7z
SkypeWorm,https://samples.vx-underground.org/root/Samples/Families/SkypeWorm/42C685AC60555BEAACD5E07D5234A6600845E208.7z
Slave,https://samples.vx-underground.org/root/Samples/Families/Slave/1A621D205E984F92A42E00DD250E4CA0.7z
slnRAT,https://samples.vx-underground.org/root/Samples/Families/slnRAT/Samples/0e3be9658e97e3ea844e0d818a0f4731573ec5affe4f42e8d244e0c91717df68.7z
SmokeLoader,https://samples.vx-underground.org/root/Samples/Families/SmokeLoader/00272dd639402fa76db43207d074fe52d4849e5d46008f786b944a789b09afc2.7z
SnakeKeylogger,https://samples.vx-underground.org/root/Samples/Families/SnakeKeylogger/05dc0792a89e18f5485d9127d2063b343cfd2a5d497c9b5df91dc687f9a1341d.7z
SocGholish,https://samples.vx-underground.org/root/Samples/Families/SocGholish/Samples/49925637250438b05d3aebaac70bb180a0825ec4272fbe74c6fecb5e085bcf10.7z
SolarwindsBreach,https://www.vx-underground.org/#
SpiderpigRAT,https://samples.vx-underground.org/root/Samples/Families/SpiderpigRAT/000c83724dd956b9caeec6063ce444654dfc2ddce77067300358e5df6ad4d98f.7z
Spring4Shell,https://samples.vx-underground.org/root/Samples/Families/Spring4Shell/4f19caf78b58d7ec120f91165c9e21fdc9a7e75c01b1b7af234c31b871781c41.7z
SpyNote,https://samples.vx-underground.org/root/Samples/Families/SpyNote/0f4774fb39cab248e081734e36b311de7a0cecb238f0694e8f2261f03b29dd27.7z
SshNet,https://samples.vx-underground.org/root/Samples/Families/SshNet/0a12cd6b5c85dbf65e524507429163e35818943aea6e81aa5a9c5205391d256c.7z
Stantinko,https://samples.vx-underground.org/root/Samples/Families/Stantinko/0146F1042B360C8080D4D05FF523C3B80AC88069.7z
StealBit,https://samples.vx-underground.org/root/Samples/Families/StealBit/107d9fce05ff8296d0417a5a830d180cd46aa120ced8360df3ebfd15cb550636.7z
Stealc,https://samples.vx-underground.org/root/Samples/Families/Stealc/77d6f1914af6caf909fa2a246fcec05f500f79dd56e5d0d466d55924695c702d.7z
Stegoloader,https://samples.vx-underground.org/root/Samples/Families/Stegoloader/11F25BEE63A5493F5364E9578FA8DB9ED4C4B9C9.7z
Strab,https://samples.vx-underground.org/root/Samples/Families/Strab/c666aeb7ed75e58b645a2a4d1bc8c9d0a0a076a8a459e33c6dc60d12f4fa0c01.7z
StrifeWater,https://samples.vx-underground.org/root/Samples/Families/StrifeWater/cafa8038ea7e46860c805da5c8c1aa38da070fa7d540f4b41d5e7391aa9a8079.7z
STRRAT,https://samples.vx-underground.org/root/Samples/Families/STRRAT/Samples/0c3ff324e87c65c09f862f426d137206b5e895e70a85e6831a4aa5cc808a80be.7z
SugarRansomware,https://samples.vx-underground.org/root/Samples/Families/SugarRansomware/Samples/0125d8e744bb40ee8bf74beb9c43eb4ffc4e5217cf80a1843f8d19dfb888ad68.7z
SundownEK,https://samples.vx-underground.org/root/Samples/Families/SundownEK/37F0844C742E8ECD32CDFBAA290FED61.7z
SunnyDayRansomware,https://samples.vx-underground.org/root/Samples/Families/SunnyDayRansomware/7862d6e083c5792c40a6a570c1d3824ddab12cebc902ea965393fe057b717c0a.7z
SVCReady,https://samples.vx-underground.org/root/Samples/Families/SVCReady/Samples/00fd57b32a3df737c274d2184663de4edc22a4e003419c1b10b262e66995ee23.7z
Symmi,https://samples.vx-underground.org/root/Samples/Families/Symmi/1CA728B9D0C64B1EDFC47AEEEBB899B4.7z
SynAckRansomware,https://samples.vx-underground.org/root/Samples/Families/SynAckRansomware/5b9dee21841e1b6fd1477008b73729a0.7z
SysJoker,https://www.vx-underground.org/#
Syslogk,https://samples.vx-underground.org/root/Samples/Families/Syslogk/Samples/020a6b7edcff7764f2aac1860142775edef1bc057bedd49b575477105267fc67.7z
SystemBC,https://samples.vx-underground.org/root/Samples/Families/SystemBC/Samples/22a6e850b9deb9d6682f795349d23c1f660ba5253028a99a62a43a64f2950fc3.7z
TelB,https://samples.vx-underground.org/root/Samples/Families/TelB/013edd19a9e796d54b82dc34a400a0981c5e17fd65a235dd45231e7ef06ee53b.7z
TempStealer,https://samples.vx-underground.org/root/Samples/Families/TempStealer/38b387b09dee7eefddcf164239be0bda1fb15285aea27e3f5b1008c7c727929a.7z
TerraStealer,https://samples.vx-underground.org/root/Samples/Families/TerraStealer/01f1f23649920e30d510f6ae48e370c82dd57ce0817d12f649615d7188c9b0e2.7z
TeslaCrypt,https://samples.vx-underground.org/root/Samples/Families/TeslaCrypt/3372c1edab46837f1e973164fa2d726c5c5e17bcb888828ccd7c4dfcc234a370.7z
TianySpy,https://www.vx-underground.org/#
Tinba,https://samples.vx-underground.org/root/Samples/Families/Tinba/093E9BB2288073B320D469CD5036FF0D856C79E72431EFC5173AC1D52EF2E47C.7z
TinyTurla,https://samples.vx-underground.org/root/Samples/Families/TinyTurla/030cbd1a51f8583ccfc3fa38a28a5550dc1c84c05d6c0f5eb887d13dedf1da01.7z
TitanStealer,https://samples.vx-underground.org/root/Samples/Families/TitanStealer/e252a54e441ea88aafa694259386afd002153481af25a5b7b2df46d17ac53fcc.7z
TokyoX,https://samples.vx-underground.org/root/Samples/Families/TokyoX/Samples/382b3d3bb1be4f14dbc1e82a34946a52795288867ed86c6c43e4f981729be4fc.7z
Tor2Mine,https://samples.vx-underground.org/root/Samples/Families/Tor2Mine/19fed775072fff292c8905473b7ca8fa072e29ecc8ea54d0373d1988d8f595e3.7z
Trat,https://samples.vx-underground.org/root/Samples/Families/Trat/27dcb69c1d010da7d1f359523b398e14e0af0dd5bad1a240734a31ffce8b9262
TriangleDB,https://samples.vx-underground.org/root/Samples/Families/TriangleDB/fd9e97cfb55f9cfb5d3e1388f712edd952d902f23a583826ebe55e9e322f730f.7z
TrickBot,https://samples.vx-underground.org/root/Samples/Families/TrickBot/1f03ab2c168de4e82e8fd52b974180683044fce88d1128fa5691abbe313a2593.7z
TrickGate,https://samples.vx-underground.org/root/Samples/Families/TrickGate/b6ec985f433a33d1c9c38ad7ab288bc2be516075391b67a64cc36f3f668fb1c3.7z
Trochilus Rat,https://www.vx-underground.org/#
Truebot,https://samples.vx-underground.org/root/Samples/Families/Truebot/0e3a14638456f4451fe8d76fdc04e591fba942c2f16da31857ca66293a58a4c3.7z
TsCookie,https://samples.vx-underground.org/root/Samples/Families/TsCookie/2411d1810ac1a146a366b109e4c55afe9ef2a297afd04d38bc71589ce8d9aee3.7z
Tur,https://samples.vx-underground.org/root/Samples/Families/Tur/162bdf15d0bcb20725bb3cb8f06fcd34b6086905cb6389fa2f24bfc7314a28e0.7z
Turla,https://samples.vx-underground.org/root/Samples/Families/Turla/1d5e4466a6c5723cd30caf8b1c3d33d1a3d4c94c25e2ebe186c02b8b41daf905.7z
TwoFace,https://samples.vx-underground.org/root/Samples/Families/TwoFace/108243f61c53f00f8f1adcf67c387a8833f1a2149f063dd9ef29205c90a3c30a.7z
TypeHash,https://samples.vx-underground.org/root/Samples/Families/TypeHash/03537d2c7d0f7659076dc4e7f9956a620369692380dcaa34a687c97377c79783.7z
UBoatRAT,https://samples.vx-underground.org/root/Samples/Families/UBoatRAT/04873DBD63279228A0A4BB1184933B64ADB880E874BD3D14078161D06E232C9B.7z
UDPRat,https://samples.vx-underground.org/root/Samples/Families/UDPRat/Samples/01c39b475442c9d04e99552ebc04934d34069bbaf422b792554f95a2cedd9d28.7z
Upatre,https://samples.vx-underground.org/root/Samples/Families/Upatre/000c1a24f069862936c4276efa6e976cc0f7b5f169f7b81b5e06508b1113a8a6.7z
Urausy,https://samples.vx-underground.org/root/Samples/Families/Urausy/69a53c9738aa509e9b96ea92f637900fc209683d1378972663c4abeb551f865e.7z
UsbCulprit,https://samples.vx-underground.org/root/Samples/Families/UsbCulprit/0414ffdf9dcf32061cc57d0b54bf4410c1c588258c12615988e3ce8cb0cf4fb4.7z
UsbFerry,https://samples.vx-underground.org/root/Samples/Families/UsbFerry/0c8bc08bd72938dd74ee62673c19ea79bcb8923db07fd9b4715d7d86d5756a11.7z
Vaggen,https://samples.vx-underground.org/root/Samples/Families/Vaggen/00c60593dfdc9bbb8b345404586dcf7197c06c7a92dad72dde2808c8cc66c6fe.7z
Valyria,https://samples.vx-underground.org/root/Samples/Families/Valyria/03838097f3d8dda6ecfa16b0d962c69d.7z
VBCrypt,https://samples.vx-underground.org/root/Samples/Families/VBCrypt/3450abaf86f0a535caeffb25f2a05576d60f871e9226b1bd425c425528c65670.7z
VermilionStrike,https://samples.vx-underground.org/root/Samples/Families/VermilionStrike/07b815cee2b85a41820cd8157a68f35aa1ed0aa5f4093b8cb79a1d645a16273f.7z
Vermin,https://samples.vx-underground.org/root/Samples/Families/Vermin/0157b43eb3c20928b77f8700ad8eb279a0aa348921df074cd22ebaff01edaae6.7z
Vidar,https://samples.vx-underground.org/root/Samples/Families/Vidar/3a521823d79686fad0595f9e90940c8a7451f7343bf64f4dbfcdcbde9115957d.7z
VideoSkimmer,https://samples.vx-underground.org/root/Samples/Families/VideoSkimmer/Samples/258ad99a3d317dac28feff43c08e69e63cb13e0ad763c45b959e6a9fd36a5fa6.7z
Virlock,https://samples.vx-underground.org/root/Samples/Families/Virlock/0FC1F0925FACCDDBD8521E4962E9A80B87A8876782A961D4B0C6B7CA12AD7AD1.7z
VMProtect,https://samples.vx-underground.org/root/Samples/Families/VMProtect/e5bc55ce98909742d2f1353b3bc8749ecc71206a5b8fa2e656d2a3ae186c1e63.7z
Voho,https://samples.vx-underground.org/root/Samples/Families/Voho/1c25c28e8166679435f846dc223c986f02b7311e3231f43048677ed121b559ff.7z
VohukRansomware,https://samples.vx-underground.org/root/Samples/Families/VohukRansomware/339a6e6e891d5bb8f19a01f948c352216e44656e46f3ee462319371fd98b3369.7z
Void,https://samples.vx-underground.org/root/Samples/Families/Void/0231a32db25a2392fdfc515aed83f76b9057fc675a0022695895280276f560a3.7z
VSingle,https://samples.vx-underground.org/root/Samples/Families/VSingle/199ba618efc6af9280c5abd86c09cdf2d475c09c8c7ffc393a35c3d70277aed1.7z
Vultur,https://samples.vx-underground.org/root/Samples/Families/Vultur/8584d43067535dc97d12c4565e1636e3a1963421fe811ff6e58b4dbd7e5b947d.7z
WagnerWiper,https://samples.vx-underground.org/root/Samples/Families/WagnerWiper/1238ab3dd3ed620536969ee438e99a33a418ba20f5e691962ed07904e075b2a4.7z
WellMail,https://samples.vx-underground.org/root/Samples/Families/WellMail/00654dd07721e7551641f90cba832e98c0acb030e2848e5efc0e1752c067ec07.7z
WellMess,https://samples.vx-underground.org/root/Samples/Families/WellMess/00654dd07721e7551641f90cba832e98c0acb030e2848e5efc0e1752c067ec07.7z
Werdlod,https://samples.vx-underground.org/root/Samples/Families/Werdlod/C004BEECC36F461D1C62D27B4055CDB3D608C9DE8523AACBC3AB55648C9DCE53.7z
WhisperGate,https://samples.vx-underground.org/root/Samples/Families/WhisperGate/191ca4833351e2e82cb080a42c4848cfbc4b1f3e97250f2700eff4e97cf72019.7z
WhiteBlackCrypt,https://samples.vx-underground.org/root/Samples/Families/WhiteBlackCrypt/a2d60af7bebac9b299db109f8162ed6335fb5dda08f57f00e9dc809d4f138428.7z
WhiteRabbitRansomware,https://samples.vx-underground.org/root/Samples/Families/WhiteRabbitRansomware/Samples/03e8b29ad5055f1dda1b0e9353dc2c1421974eb3d0a115d0bb35c7d76f50de20.7z
WinDealer,https://samples.vx-underground.org/root/Samples/Families/WinDealer/28df5c75a2f78120ff96d4a72a3c23cee97c9b46c96410cf591af38cb4aed0fa.7z
WinMM,https://samples.vx-underground.org/root/Samples/Families/WinMM/000cb59a2494f8329f0fb33bd478e85147071b1859b909e4edf6065452590e4c.7z
WinsLoader,https://samples.vx-underground.org/root/Samples/Families/WinsLoader/14f2079153e44940538e2c4083afa24987bc413efafb593aef2ba549f876a141.7z
WizardUpdate,https://samples.vx-underground.org/root/Samples/Families/WizardUpdate/0c08992841d5a97e617e72ade0c992f8e8f0abc9265bdca6e09e4a3cb7cb4754.7z
WpBruteBot,https://samples.vx-underground.org/root/Samples/Families/WpBruteBot/0004a46979e0a0ea04f8fec16ba2a74901d46fd9375b9fdfb319ae17f6c04235.7z
WSLMalware,https://samples.vx-underground.org/root/Samples/Families/WSLMalware/Samples/17921368901f23e0cad0d2fe4ce5694aebaf4727699ed0358117500701914d1b.7z
XBinder,https://samples.vx-underground.org/root/Samples/Families/XBinder/0aae80e6ca6cbdc0a79dbdf30767182edd94ed65bc378eb6e39d2b68fd78b8e0.7z
XCSSET,https://samples.vx-underground.org/root/Samples/Families/XCSSET/Samples/021f57e1883ba877096b94187fc73c445c21a958ebfe1c57e7e66708fd017396.7z
Xdr33,https://samples.vx-underground.org/root/Samples/Families/Xdr33/d7b72049a7ec324c2050d9dffd615c0d1e7752e384b9e6cb838e9e026fe7771f.7z
XdSpy,https://samples.vx-underground.org/root/Samples/Families/XdSpy/02a7c7df31b0a93fc80b053e46dcfa1eeb82eff79c1c8d802db31f1d0db823fd.7z
Xenomorph,https://samples.vx-underground.org/root/Samples/Families/Xenomorph/9bdeca427b02fa07aaf073745724d2b827ea21804548034ccde274a2280eb137.7z
XFilesStealer,https://samples.vx-underground.org/root/Samples/Families/XFilesStealer/96bc48a9595bc4bfba48223ec4554bfc4335ed0021223d2d2a98917ea2c4dd90.7z
XLoader,https://samples.vx-underground.org/root/Samples/Families/XLoader/Samples/041992cc47137cb45d4e93658be392bb82cdc7ec53f959c6af4761d41dfc9160.7z
XorDdoS,https://samples.vx-underground.org/root/Samples/Families/XorDdoS/Samples/08cc67002782cbafd97a4bff549d25dd72d6976d2fdf79339aaf5a3ff7c3107e.7z
XPack,https://samples.vx-underground.org/root/Samples/Families/XPack/12425edb2c50eac79f06bf228cb2dd77bb1e847c4c4a2049c91e0c5b345df5f2.7z
XPertRat,https://samples.vx-underground.org/root/Samples/Families/XPertRat/25a80f4addf74c82d8ae815164c44dcd530fd59fc278f306552d35d5140b880b.7z
XRat,https://samples.vx-underground.org/root/Samples/Families/XRat/c9375595b2fc63c2d59c4b3f7c1956d514edff24964bceafebe62be94e0bda4c.7z
XsPlus,https://samples.vx-underground.org/root/Samples/Families/XsPlus/026a995ce57eda08767cb567023ecd8cf4a097280258da6d2e9705b3cd5d29ec.7z
XTremeRat,https://samples.vx-underground.org/root/Samples/Families/XTremeRat/01858e0deeba46b3966117ab82509880a58e8637ed5da22931959c482acbee05.7z
XTunnel,https://samples.vx-underground.org/root/Samples/Families/XTunnel/00001cb65b7f5009d05fb69b29c5bc9d024a226545a90717f073910a9d63e968.7z
XWorm,https://samples.vx-underground.org/root/Samples/Families/XWorm/096e33b9b0b4f843a7ea0259f75b4370f00ab90f3807eb89d5f0117da762900d.7z
XXMM,https://samples.vx-underground.org/root/Samples/Families/XXMM/18e896a7547aacb33aa3941ab1b61659ed099c0f6fbb924068f81b4289b05f12.7z
YanluowangRansomware,https://samples.vx-underground.org/root/Samples/Families/YanluowangRansomware/49d828087ca77abc8d3ac2e4719719ca48578b265bbb632a1a7a36560ec47f2d.7z
Yorekey,https://samples.vx-underground.org/root/Samples/Families/Yorekey/006d88b36f68c94e39b8c046770e5847c78c85ce51efc1b1a9ef1df54af4bdf8.7z
YoungLotus,https://samples.vx-underground.org/root/Samples/Families/YoungLotus/cd96e18da320ba4ac313d3a189776d7defbea7098cf53156b1e4b680eb9e4c68.7z
YTStealer,https://samples.vx-underground.org/root/Samples/Families/YTStealer/ff3ae8fff0d1862d4bde8f61e0ed14ef76d6d2cc6d940bb83dc0b4cfdacc2752.7z
Zanubis,https://samples.vx-underground.org/root/Samples/Families/Zanubis/e756e44290ccf5f9d6864444bbd9044c2345c60a0352de5724eb5928d29e0018.7z
Zenar,https://samples.vx-underground.org/root/Samples/Families/Zenar/7581e08cf72f597bba5feee8c16be5241a12ad2c7ba85d94475ff129acc781d2.7z
Zeus,https://samples.vx-underground.org/root/Samples/Families/Zeus/000415d1c7a7a838ba2ef00874e352e8b43a57e2f98539b5908803056f883176.7z
ZeusAction,https://samples.vx-underground.org/root/Samples/Families/ZeusAction/433418cee73097f0393a63c45c9b7c992bde81f796b3d9e0aee4b94db19f787f.7z
zLoader,https://samples.vx-underground.org/root/Samples/Families/zLoader/Samples/034f61d86de99210eb32a2dca27a3ad883f54750c46cdec4fcc53050b2f716eb.7z
zLob,https://samples.vx-underground.org/root/Samples/Families/zLob/0b38ca277bbb042d43bd1f17c4e424e167020883526eb2527ba929b2f0990a8f.7z
Zombinder,https://samples.vx-underground.org/root/Samples/Families/Zombinder/dc3e51cffb3b05eec4b9249fb5e52b5530faf8db9b8c15474561ebc59ec172e4.7z
Zumanek,https://samples.vx-underground.org/root/Samples/Families/Zumanek/21881b9361332f354376fe7ef0affd5026a4594fb3dc8812a9ff6310a8ce279a.7z
ZuoRAT,https://samples.vx-underground.org/root/Samples/Families/ZuoRAT/Samples/1cbb9ed1b3be4a06ed0497aba34bdbb05b52f663502dce097d147b26ae84cff2.7z
zxShell,https://samples.vx-underground.org/root/Samples/Families/zxShell/08cc67002782cbafd97a4bff549d25dd72d6976d2fdf79339aaf5a3ff7c3107e.7z
